PCA_X,PCA_Y,Target,IsolationPrediction,LOFPrediction,SVMPrediction,OutlierCount,ToolTip
-1.2594656051629298,21.27488331809609,0,1,1,-1.0,1,
11.215079666968442,16.919862652643214,0,1,1,-1.0,1,
6.435363499935658,19.477107307986,0,1,1,-1.0,1,
0.24092687768110907,26.59301359011064,0,1,1,1.0,0,
6.134362603247595,15.899978334976296,0,1,1,-1.0,1,
5.018479470600871,20.774682667183654,0,1,1,1.0,0,
3.9385947879345227,20.882142149260527,0,1,1,-1.0,1,
10.322774418294502,13.990159515068974,0,1,1,-1.0,1,20_MAD
6.308076077390271,20.1021920829956,0,-1,1,1.0,1,20_MAD
-3.429463148136204,22.843587503091747,0,1,1,-1.0,1,20_MAD 54_MAD
-1.2648417349136531,23.80245959104316,0,1,1,-1.0,1,
8.557607345170831,23.516914322936337,0,1,1,-1.0,1,20_MAD
7.653089463845078,21.08939198379424,0,1,1,-1.0,1,
2.017145877599973,24.135918879371754,0,1,1,-1.0,1,
3.5609607417334233,21.529026283670316,0,1,1,-1.0,1,
8.081882810327143,22.276607968310213,0,1,1,1.0,0,54_MAD
6.023719207378325,20.839454249568977,0,1,1,-1.0,1,
4.289128582884878,22.578560489577555,0,1,1,-1.0,1,
2.8096656007835845,24.269616149526875,0,1,1,1.0,0,54_MAD
10.78211942761587,16.172703046934288,0,1,1,1.0,0,
10.660773676448382,21.459929081718613,0,1,1,1.0,0,
5.710827263038131,24.42580250530648,0,1,1,1.0,0,
14.796131548799066,16.284134184595924,0,1,1,1.0,0,20_MAD
11.314742065473208,20.637472006075107,0,-1,1,1.0,1,20_MAD 54_MAD
0.13817747260970722,25.084930554834973,0,1,1,-1.0,1,
7.956973688751442,23.21066462192456,0,1,1,-1.0,1,
5.648398287775717,18.79494713017853,0,1,1,1.0,0,
3.1501532348589367,20.832732184801646,0,1,1,-1.0,1,
0.6473947237226794,20.82333041874739,0,1,1,-1.0,1,
5.8179561501347345,18.497679431087555,0,1,1,1.0,0,
-3.1605727965476587,18.970419934508374,0,-1,1,1.0,1,5_MAD
3.6631219111377256,20.53801819354065,0,1,1,-1.0,1,
-0.6204130309183978,24.848236959630118,0,1,1,-1.0,1,
1.1144299797719062,21.335656985519876,0,1,1,1.0,0,
1.9832124591550053,20.726374459567246,0,1,1,-1.0,1,
3.4396929212727656,24.579952264604,0,1,1,-1.0,1,
0.522492816899215,17.995229738243605,0,1,1,-1.0,1,
1.1894096027388572,20.313448617844543,0,1,1,-1.0,1,20_MAD
2.478181276122807,24.063213364575635,0,1,1,1.0,0,54_MAD
-5.279176190613771,25.00206269686185,0,1,1,-1.0,1,20_MAD
-0.7938794215410865,24.945677179247216,0,1,1,-1.0,1,
4.540168814882029,24.035800693302857,0,1,1,1.0,0,
7.510540207007919,16.989857318454497,0,1,1,-1.0,1,
-2.66402234588167,22.56455408733394,0,1,1,1.0,0,
2.805451559223306,26.521492192469907,0,1,1,-1.0,1,
5.365414729534045,21.464746472481735,0,1,1,1.0,0,
-5.404004217363606,26.155447557703308,0,1,1,-1.0,1,
2.171364157499155,18.847615027573905,0,1,1,1.0,0,
-0.9043810828298607,23.848286696046518,0,1,1,-1.0,1,
0.08873312760519644,27.07831200168807,0,1,1,-1.0,1,20_MAD 54_MAD
2.863311842258454,22.433822658495117,0,1,1,1.0,0,20_MAD
0.6090213610347518,22.32955914160894,0,1,1,1.0,0,
-3.522751644711297,24.005357713154194,0,1,1,1.0,0,
0.12978736959648732,21.94662452018677,0,1,1,1.0,0,
-6.46914308877336,18.303788984795222,0,1,1,-1.0,1,
0.20757838764918504,22.184875150545906,0,1,1,-1.0,1,
-6.239571897155209,23.164273394456124,0,1,1,1.0,0,54_MAD
-2.509389479290445,24.68739386539884,0,1,1,-1.0,1,
-4.97320465219885,29.185908724923614,0,1,1,-1.0,1,54_MAD
3.6521355415219228,21.209617957844614,0,1,1,-1.0,1,
1.7171266769788989,18.904287672398596,0,1,-1,1.0,1,20_MAD
-8.631904643019528,18.05474922639742,0,1,1,1.0,0,20_MAD
-1.7290487263434486,20.168143068395718,0,-1,1,1.0,1,
-8.718103421936432,19.22114968067104,0,-1,-1,-1.0,3,
-2.9436990343478495,24.66155650343516,0,1,1,-1.0,1,
3.118600050369041,23.415611307235928,0,1,1,-1.0,1,
-0.9071505285798835,11.523464631474118,0,1,1,-1.0,1,
7.547973001004042,21.127307517953774,0,1,1,1.0,0,
4.94365763026744,19.3456762417914,0,1,1,-1.0,1,
-0.05628214775220845,25.00710612659737,0,1,1,-1.0,1,
7.694314003868509,22.411856188184245,0,1,1,-1.0,1,
-0.03937182676768338,13.201562244887443,0,1,1,-1.0,1,
14.567045034165119,9.41031649600125,0,-1,-1,-1.0,3,
8.412766113899389,20.049039285560838,0,1,1,-1.0,1,
5.75331998623429,17.811098080064294,0,1,1,-1.0,1,
3.8776477883943006,23.1669154323138,0,1,1,-1.0,1,
4.21813252229917,22.60358064318031,0,1,1,-1.0,1,
3.365532210742015,17.286778564510993,0,1,1,1.0,0,
-3.261337032811078,19.707256592042967,0,1,1,-1.0,1,
-4.08932154915614,26.52015555623146,0,1,1,-1.0,1,
4.266382650411596,18.071868317705714,0,1,1,-1.0,1,
3.933785793787846,25.277175132988965,0,1,1,-1.0,1,
3.5708699707529084,23.550165078606287,0,1,1,-1.0,1,
1.8025357087941578,17.804058288719002,0,1,-1,-1.0,2,20_MAD
5.363688362552341,17.28196058857601,0,1,-1,-1.0,2,20_MAD
3.6584593203217306,21.723552998081335,0,1,1,-1.0,1,
6.742915154978736,22.40925145109749,0,1,1,-1.0,1,
11.652402622304017,13.132638685254529,0,-1,1,-1.0,2,
-5.1401860667806565,21.253192180413855,0,1,1,1.0,0,
-2.8677290461594844,22.75984732146664,0,1,1,-1.0,1,
6.788871846587386,20.91683853848013,0,1,-1,1.0,1,
-3.6392022804392834,24.945106747329202,0,1,1,-1.0,1,
-4.437593218458471,22.739005810987827,0,1,1,-1.0,1,
0.6782122328269586,24.467401179238106,0,1,1,1.0,0,
-6.4369526838788325,22.79071611922211,0,1,1,1.0,0,
-4.5934307369963605,22.960911046620584,0,1,1,-1.0,1,
-10.297381364191285,24.077772332721665,0,1,1,1.0,0,
-6.993551210445184,19.817789583297536,0,-1,-1,-1.0,3,
-7.192458809540583,23.95415151099608,0,1,1,1.0,0,
-4.140715062581722,23.009596184640568,0,1,1,-1.0,1,
-12.358241821992047,20.10320453639574,0,-1,-1,-1.0,3,54_MAD
1.0062379618961355,21.124795999343675,0,1,1,-1.0,1,
3.7557386297005464,26.311390398745843,0,1,1,-1.0,1,
2.1351362359902435,22.895956873239196,0,1,1,-1.0,1,54_MAD
-2.8349920451055453,23.971419483122443,0,1,1,1.0,0,
7.120085480071041,25.65275314270635,0,1,1,-1.0,1,
4.709836264482456,18.37720228835124,0,-1,-1,1.0,2,54_MAD
0.29945490429726057,20.044979086905148,0,-1,-1,-1.0,3,17_MAD 54_MAD
-5.092037223803605,27.377141672497302,0,1,1,-1.0,1,54_MAD
-3.309131597158815,22.170134714322746,0,1,1,1.0,0,
1.3966760664671787,28.033119450707968,0,1,1,1.0,0,54_MAD
-0.6831260852102615,30.09220585478851,0,1,1,1.0,0,38_MAD 54_MAD
-0.7628053864652391,21.869208380592557,0,1,1,1.0,0,
-0.3558866844722163,26.167591395531687,0,1,1,-1.0,1,54_MAD
0.4016587772385038,22.68747331313097,0,1,1,1.0,0,
2.3082969627057937,18.228901668524973,0,1,1,1.0,0,
2.353436089135475,17.62162951961231,0,1,1,-1.0,1,
-0.9741815110958586,12.167148316878496,0,1,1,-1.0,1,
2.9695162218141475,22.714505369515518,0,-1,1,1.0,1,5_MAD
-0.7710649837020916,22.859280477258395,0,-1,-1,1.0,2,17_MAD
-0.33164773916077833,19.389701840612023,0,1,1,-1.0,1,
0.5223005066269709,16.56956918771939,0,1,1,-1.0,1,
2.7445519047530382,13.721862338926433,0,1,1,-1.0,1,5_MAD
-3.8145309797920164,11.776092432305912,0,1,1,-1.0,1,
-3.446882013282798,17.156139859728277,0,1,1,1.0,0,
2.5746604450724533,19.230654610069845,0,1,-1,-1.0,2,20_MAD
-2.6000405565149105,7.387074078041504,0,-1,-1,-1.0,3,
3.132169367751194,24.091134804743607,0,1,-1,-1.0,2,54_MAD
8.278128780640971,24.385326322764016,0,1,1,-1.0,1,
5.235431802063519,27.906319376351103,0,1,1,1.0,0,
-2.7651352523794808,28.98546085819389,0,1,1,1.0,0,
9.34373195443655,13.649438253214,0,1,1,1.0,0,
6.453967034897947,26.13882306115584,0,1,1,-1.0,1,
6.497667453119691,25.28779101684201,0,1,1,-1.0,1,
-0.6453061084421013,24.616744990742397,0,1,1,-1.0,1,
5.008345487335571,20.33208041965558,0,1,1,-1.0,1,
-1.4181430381908227,22.164002068854103,0,1,1,-1.0,1,
-0.908732527322025,22.735801215106676,0,1,1,-1.0,1,
5.19814760276689,26.770975561130815,0,1,1,1.0,0,
9.251102676816414,16.643322970511967,0,1,1,1.0,0,
-7.301115799482074,19.95933792089616,0,1,1,1.0,0,
-3.653367249261684,19.198797391776946,0,1,1,-1.0,1,
-1.4040104946130023,18.152432814698784,0,1,1,-1.0,1,
-0.5650271178618881,20.73749372001194,0,1,1,1.0,0,
-1.798128388733683,21.566726708722957,0,1,1,1.0,0,20_MAD
-1.6854410668517334,22.71916399891685,0,1,1,-1.0,1,
-3.796508883048607,20.321106310497093,0,1,1,-1.0,1,
-5.302318227279427,28.620927829143277,0,1,1,1.0,0,54_MAD
-5.738807628072532,24.324792182391242,0,1,1,-1.0,1,
-6.609355872508087,26.982150504473974,0,1,1,-1.0,1,54_MAD
-0.9894150636925383,20.70406493615977,0,1,1,-1.0,1,
-2.4811845243605117,22.915197377963132,0,1,1,-1.0,1,
-3.362226658007329,19.449763841453564,0,1,1,-1.0,1,
6.658955390090306,23.74121908582947,0,1,1,-1.0,1,
6.620387928918268,23.5019327602276,0,1,1,-1.0,1,
7.6100832939050145,19.005225340212327,0,1,1,1.0,0,
20.092274542851893,4.600942395959871,0,-1,-1,-1.0,3,
4.027629232614442,25.07950491129798,0,1,1,-1.0,1,
15.82178388214018,13.028721921960573,0,-1,-1,1.0,2,
0.436549594845518,13.799036208862415,0,1,-1,1.0,1,
10.61138850850313,19.713872769492035,0,1,1,1.0,0,
17.356048075837627,15.225575377184825,0,-1,1,1.0,1,
2.377071397613548,28.796169836022408,0,1,1,1.0,0,
11.187547214278553,20.785739608390777,0,1,1,-1.0,1,
2.598686295885301,20.94701992070275,0,1,1,-1.0,1,
-2.4815275096026337,21.233823218331356,0,1,1,-1.0,1,
0.018643844056263657,23.560885639178544,0,1,1,-1.0,1,
2.3840624456453274,20.72148120523991,0,1,1,-1.0,1,20_MAD
-0.03312856460834671,23.813150003506834,0,1,1,-1.0,1,
10.328373240987194,20.233655086382523,0,1,1,-1.0,1,
1.0262162714673326,18.43383442713855,0,1,1,1.0,0,
3.4868816524101116,23.12434720576213,0,1,1,1.0,0,
9.579961358144322,10.590816777873052,0,1,1,1.0,0,
1.813873788371556,16.888433303080475,0,1,1,1.0,0,
4.095453698944364,18.32030380385797,0,1,1,1.0,0,
-1.458020269810804,18.031408646299177,0,1,1,1.0,0,20_MAD
10.04181265495031,17.00488443222414,0,-1,-1,1.0,2,
6.464572420926536,20.567299870620108,0,1,1,-1.0,1,
7.957612795194702,-20.768699030655196,1,1,-1,1.0,1,
3.009180235408988,-11.994807657389833,1,1,1,1.0,0,
0.025860944054126866,-10.33703532587072,1,1,1,1.0,0,
2.8245285582059134,-9.28692469768975,1,1,1,1.0,0,
1.6440050218295452,-10.738077708812058,1,1,1,-1.0,1,
3.253990150802524,-9.593460281638551,1,1,1,1.0,0,
7.914306848332284,-10.855708108919782,1,1,1,-1.0,1,
0.19165657224734733,-15.57450165512176,1,1,1,-1.0,1,
7.499050791881527,-20.864223654823608,1,1,1,-1.0,1,
3.1351808317083196,-14.100674594631357,1,1,1,1.0,0,
12.558691069086327,-20.237290681485817,1,1,-1,1.0,1,
19.922257116024355,-19.197570958356756,1,1,1,-1.0,1,42_MAD
-0.7919497167079734,-9.227776878671067,1,1,1,1.0,0,
-3.9070459429669904,3.8289144196164897,1,-1,1,1.0,1,
2.8017511393402352,-7.266306034990357,1,1,1,-1.0,1,
-2.2305228219726994,-2.51558621951295,1,1,1,1.0,0,
-2.313791205209669,-3.411841094139293,1,-1,1,-1.0,2,
-1.9232350996509946,3.649004936062838,1,-1,1,-1.0,2,
2.0679578479487324,-7.392966825180807,1,1,1,-1.0,1,
7.2077304343059225,-9.865109228581261,1,1,1,1.0,0,42_MAD
1.439815385423074,-5.461809110476027,1,1,1,1.0,0,
1.076161445648092,-10.677795896187298,1,-1,-1,-1.0,3,42_MAD
-1.6309865819896734,-0.23753179481460876,1,-1,1,1.0,1,
7.5823828827762645,-10.893186890919383,1,1,1,-1.0,1,
3.917387843457066,-11.008656548912843,1,1,1,-1.0,1,
9.530338750480432,-9.762772876548288,1,1,1,-1.0,1,
10.848066630378046,-21.25920967382919,1,1,1,-1.0,1,42_MAD
8.769025972425023,-18.584406122614002,1,1,1,-1.0,1,42_MAD
13.431459321010694,-18.019032779387565,1,1,1,-1.0,1,42_MAD
14.171767999627166,-18.811067787146584,1,1,1,1.0,0,2_MAD 42_MAD
9.718379592529752,-16.840644982235823,1,1,-1,-1.0,2,42_MAD
5.592872595420747,-11.56008309813312,1,1,1,-1.0,1,42_MAD
11.391305341918804,-20.409973987334485,1,1,1,1.0,0,42_MAD
8.279251890532791,-25.345029817784315,1,1,-1,1.0,1,42_MAD
6.876245348542442,-20.61737891058504,1,1,-1,-1.0,2,42_MAD
10.92702835924336,-23.101915840004622,1,1,1,-1.0,1,42_MAD
10.129736211286495,-20.736818643685087,1,1,1,-1.0,1,
3.467508416357535,-25.25594433666863,1,1,1,-1.0,1,
15.206664102677179,-12.600831267020963,1,1,1,-1.0,1,2_MAD 42_MAD 58_MAD
-6.062881532547934,2.4267751771677273,1,1,1,-1.0,1,
2.507374860928598,-10.458240605172874,1,1,1,1.0,0,
4.500375144863377,-8.464729140420108,1,1,1,-1.0,1,
-1.3050751277971637,-3.4232819650410367,1,1,1,-1.0,1,
1.5099950568333635,-7.786781936082832,1,1,1,1.0,0,
-0.25197054452924095,-3.356493667811866,1,1,1,1.0,0,2_MAD 58_MAD
-0.4744181399304144,-8.074883907243237,1,1,1,1.0,0,
6.424804748938714,-12.737921880673186,1,1,1,1.0,0,
12.662281747042044,-12.083168788924215,1,1,1,1.0,0,
-0.34256820331705756,-10.61368308841903,1,1,1,1.0,0,
1.4090809296062916,-11.217015573981874,1,1,1,-1.0,1,
1.3173379649352497,-5.8461447611635835,1,1,1,-1.0,1,
2.271947663238855,-3.636710736886235,1,1,1,1.0,0,
-0.877526496123056,-5.6455115449320346,1,1,1,-1.0,1,2_MAD
-0.21749482304576673,-4.000381016612355,1,1,1,1.0,0,
1.617789287951198,-6.445076934641876,1,1,1,1.0,0,2_MAD 58_MAD
7.415181871812251,-3.635131397375393,1,1,1,-1.0,1,
11.960663703218435,-2.8161413015335146,1,1,1,-1.0,1,42_MAD
9.68022127147998,-2.9283305518269693,1,1,1,-1.0,1,2_MAD 58_MAD
12.1028257216318,-1.1026592596869305,1,1,1,-1.0,1,
8.263324015846088,-5.304849226355105,1,1,1,-1.0,1,
4.967379314852023,-4.730500732356059,1,1,1,1.0,0,
8.945269807349437,-1.7597521266314597,1,1,1,-1.0,1,
0.43016156835774627,-9.296044794232067,1,1,1,1.0,0,
7.914202767440259,-11.539187434745289,1,1,1,1.0,0,42_MAD
-0.20411902184190048,-6.257530314633275,1,1,1,-1.0,1,
10.29799989991691,-26.089219920139765,1,1,1,-1.0,1,42_MAD
13.701165324157552,-16.00137755994404,1,1,1,1.0,0,2_MAD 42_MAD
18.14147289050423,-11.142489520447318,1,1,1,1.0,0,42_MAD
10.249283984709622,-22.21039490625991,1,1,1,1.0,0,42_MAD
10.37296291031958,-19.541106652394557,1,1,1,-1.0,1,42_MAD
0.5666662641369722,-24.205695755566715,1,1,1,-1.0,1,
15.14785124299727,-14.172038958333731,1,1,1,1.0,0,42_MAD
0.659722695488043,-26.310286758159968,1,1,-1,1.0,1,
8.042470891247405,-14.935646805311947,1,1,-1,-1.0,2,42_MAD 58_MAD
9.890190903887424,-16.896432212478604,1,-1,1,1.0,1,2_MAD 42_MAD 58_MAD
13.841671418369655,-18.475114539213656,1,1,1,-1.0,1,42_MAD
14.797784400035667,-17.532594238171935,1,1,-1,-1.0,2,42_MAD
10.738372518559748,-22.235804249672743,1,1,1,1.0,0,42_MAD
2.5065808931470013,-26.78752979533665,1,1,1,-1.0,1,
-2.5136674877775858,-20.443101435924767,1,1,-1,1.0,1,
4.192814787881014,-26.275491881173824,1,1,1,1.0,0,
12.400138311495622,-9.466060053966569,1,1,1,1.0,0,42_MAD
7.536071553246611,-18.941428612842913,1,1,1,1.0,0,42_MAD 58_MAD
-0.03238513544393976,-3.0311994185605116,1,-1,1,-1.0,2,2_MAD 58_MAD
0.8370399330571884,-21.50638722913814,1,1,1,-1.0,1,42_MAD 58_MAD
11.009673019267371,-12.803128817384305,1,1,-1,1.0,1,2_MAD 42_MAD 58_MAD
9.327476082885271,-19.69696775736084,1,1,1,1.0,0,42_MAD
10.334029241464961,-25.29800262282327,1,1,1,1.0,0,42_MAD 58_MAD
9.012539223664213,-22.5069260496756,1,1,1,-1.0,1,
5.724892270906539,-26.025098417048454,1,1,1,-1.0,1,42_MAD
6.217240088390835,-26.120057233190497,1,1,1,-1.0,1,42_MAD
2.9049946706032963,-5.780298627880751,1,1,1,1.0,0,2_MAD 58_MAD
-1.8835273634200942,-7.002628134013501,1,1,1,-1.0,1,2_MAD 58_MAD
7.751540999593213,-5.236378411964678,1,1,1,1.0,0,2_MAD 58_MAD
-7.893972937042889,0.9697206405885437,1,-1,1,1.0,1,
-5.195745623843953,2.492723241363597,1,1,1,1.0,0,2_MAD 58_MAD
-0.2927214000482654,-0.0959267040761424,1,1,1,-1.0,1,2_MAD 58_MAD
-5.0834423617781495,-3.49373059888109,1,1,1,-1.0,1,
-2.5235881383249064,-2.3564925958462735,1,1,1,-1.0,1,2_MAD
3.782092171807495,-4.558347273596314,1,1,1,1.0,0,2_MAD 58_MAD
-1.965102626956502,-5.457177607762246,1,1,1,-1.0,1,2_MAD
-2.2043044466641706,-5.8530222105970395,1,1,1,1.0,0,
-3.932844055400878,-1.4295720885806318,1,-1,1,1.0,1,
-0.3725100938692836,-0.9034735274539125,1,1,1,-1.0,1,2_MAD 58_MAD
6.543808751165726,-15.936490112524357,1,1,1,-1.0,1,42_MAD
8.851550157923022,-17.00335964951274,1,1,1,-1.0,1,42_MAD
8.692894064285927,-24.76150130456252,1,1,1,1.0,0,
9.16138212679477,-19.75859166897706,1,1,1,-1.0,1,42_MAD 58_MAD
12.570168657215897,-22.273611922123163,1,1,1,-1.0,1,42_MAD
17.157869514375093,-11.660827832171652,1,1,1,-1.0,1,42_MAD
6.917908777478288,-25.258574964748924,1,1,1,-1.0,1,
13.169637118379757,-19.229733451950732,1,1,1,1.0,0,42_MAD
5.1998446489957635,-23.765120186464415,1,1,1,-1.0,1,
1.2502775952600744,-22.275449123643583,1,1,-1,1.0,1,2_MAD 42_MAD 58_MAD
7.968877255049581,-23.310571524641336,1,1,1,1.0,0,42_MAD
14.424345991317095,-15.635831162819185,1,1,1,-1.0,1,42_MAD
11.640588365750336,-21.648568021386275,1,1,1,-1.0,1,42_MAD
5.722828185195934,-14.598465817782465,1,1,1,-1.0,1,
6.179780908127281,-10.94380953698925,1,1,1,1.0,0,
8.38450989256291,-15.601053040396502,1,1,-1,-1.0,2,
5.346036103047018,-22.426944036591642,1,1,1,1.0,0,2_MAD 42_MAD
4.906704329479604,-16.6628172344347,1,1,1,1.0,0,
6.9638787184339765,-26.440574435705763,1,1,1,-1.0,1,
10.002828252122466,-17.352273957384146,1,1,1,-1.0,1,42_MAD
5.501894897923026,-26.843417354345895,1,1,1,-1.0,1,
0.12421507890407492,-20.339053392485585,1,1,-1,1.0,1,
10.774546432788124,-22.53822530231577,1,1,1,-1.0,1,42_MAD
12.41567782190371,-19.36108661918458,1,1,1,-1.0,1,42_MAD
14.61966288996372,-7.854259818887228,1,1,-1,1.0,1,42_MAD
13.482671634499694,-3.436423852875436,1,-1,-1,1.0,2,42_MAD
-1.6853598057080885,1.9928648136039087,1,-1,1,-1.0,2,
6.706798068576043,-17.121234120098343,1,1,-1,1.0,1,
-2.593107216297407,7.193725871056558,1,-1,1,-1.0,2,
10.276536983557568,-23.55450116803508,1,1,1,-1.0,1,
5.683449161462911,-26.88201861441329,1,1,1,-1.0,1,
1.9758887482502856,1.7092205281792698,1,1,1,1.0,0,
4.1111935585783845,-24.448791527725987,1,1,1,-1.0,1,
4.3651879878374835,-7.778986199280938,1,1,1,1.0,0,
1.412948717275173,-19.97113827371962,1,1,1,1.0,0,
2.57544393822372,-25.341761573345927,1,1,1,-1.0,1,
7.688522973141144,-23.180372527520326,1,1,1,1.0,0,
10.783311134826649,-21.90577657439221,1,1,1,1.0,0,42_MAD
11.166341539265726,-17.885282551985433,1,1,1,1.0,0,42_MAD
-4.904156183273158,-1.3854794077025412,1,1,1,1.0,0,
-5.52975130824179,4.688883993108059,1,1,1,1.0,0,
-3.1187854083393924,-0.8298400296530747,1,1,1,-1.0,1,
-5.126482914233796,10.347592568413662,1,-1,1,-1.0,2,
-6.8024923490104054,10.70541437453685,1,-1,1,-1.0,2,
-7.6217325010353125,10.502678210734429,1,1,1,-1.0,1,
-7.339396327904638,10.462326130965092,1,-1,1,-1.0,2,
-7.72472581271073,14.10494083988205,1,-1,1,-1.0,2,
-8.573633701668175,-0.2602686340182713,1,-1,1,-1.0,2,
-2.9827543025116494,0.1791568893131426,1,1,1,-1.0,1,
-7.345478744552558,6.2063342158608945,1,1,1,1.0,0,
-5.258596666025509,14.220071242352223,1,-1,1,-1.0,2,
-7.611516453730584,4.408594402665763,1,-1,1,1.0,1,
9.918831165575945,-23.711635255117688,1,1,1,-1.0,1,
9.359104393797356,-18.773231390112574,1,1,1,1.0,0,
17.278441596421217,-14.210471066470122,1,1,1,-1.0,1,42_MAD
6.136390843993985,-25.56013107150181,1,1,1,1.0,0,
9.224611508788687,-23.029463186025747,1,1,1,1.0,0,42_MAD
16.205164560276028,-20.21555506683535,1,1,-1,1.0,1,
14.345823062025294,-22.448236393354,1,1,1,-1.0,1,42_MAD
10.419135904113205,-22.69743879869448,1,1,1,1.0,0,
4.7213521594618495,-22.459191687934602,1,1,1,1.0,0,
7.40156673747386,-26.311337924025185,1,1,1,-1.0,1,
8.780646529595392,-25.798829541751548,1,1,1,1.0,0,
6.2498359772976295,-26.507499567473488,1,1,1,1.0,0,
5.071094311388239,-24.191254154865746,1,1,1,1.0,0,
10.907995962496193,-9.195754599006357,1,1,-1,-1.0,2,42_MAD
16.226660882693857,-17.055344321307707,1,1,1,-1.0,1,42_MAD
11.68032215826508,-10.294421014453714,1,1,1,-1.0,1,42_MAD
9.024583494596024,-12.33302541768193,1,1,1,-1.0,1,42_MAD
10.694649732709294,-20.307624227106803,1,1,1,-1.0,1,42_MAD
10.310685682639402,-16.02604142486639,1,1,1,1.0,0,42_MAD
10.230649661400724,-18.493264120350226,1,1,1,-1.0,1,2_MAD 42_MAD 58_MAD
12.803232705424435,-11.286825256400386,1,1,1,-1.0,1,42_MAD 58_MAD
1.898477084177197,-18.376122360286328,1,1,1,-1.0,1,
4.532754486541195,-22.648771312393087,1,1,1,1.0,0,42_MAD
17.159714738839376,-14.905554945211744,1,1,1,-1.0,1,42_MAD
12.558758778578445,-13.144059380700325,1,1,1,1.0,0,2_MAD 42_MAD
10.504039939444143,-14.139549498719084,1,1,1,1.0,0,42_MAD
6.991921293985532,-9.955985820355043,2,-1,-1,1.0,2,
-2.414193375403478,-4.8516659765886585,2,1,1,1.0,0,
-8.08883895363885,-8.811956315628173,2,1,1,-1.0,1,
0.9825057467179461,-6.804782209976267,2,-1,-1,-1.0,3,
6.2653865396713755,-7.2592688978205535,2,-1,-1,1.0,2,29_MAD
10.710403914311255,-9.208360965567703,2,-1,-1,-1.0,3,29_MAD
6.659993668614268,-11.72352020244175,2,-1,-1,1.0,2,
2.990359510534491,-9.240567396435052,2,-1,-1,-1.0,3,29_MAD
6.564542944327404,-13.927228224139268,2,-1,-1,-1.0,3,29_MAD
-3.7303128135011456,-2.3269285465248624,2,1,1,1.0,0,
-2.004216985305796,-10.532678060741043,2,1,-1,-1.0,2,
2.835416105652518,-7.487242086289544,2,-1,-1,1.0,2,29_MAD
-4.984615331459824,-4.535664400302926,2,1,1,-1.0,1,
-8.442299147409903,-7.619611490843479,2,1,1,1.0,0,
-10.027918365980977,-11.593353501925955,2,1,1,1.0,0,
-12.028994026768181,-14.185886333058965,2,1,1,-1.0,1,
-9.578713843978955,-9.773436237868072,2,1,1,1.0,0,
-9.727270644545298,-12.541271320292928,2,1,1,-1.0,1,
0.23756068837317595,-4.679720335417257,2,1,1,-1.0,1,
-3.2404489390009497,-8.897498444067441,2,1,1,1.0,0,
-8.98088606989422,-12.277024654419318,2,1,1,1.0,0,
-5.401584739282451,-12.561867521420178,2,1,1,-1.0,1,
-5.264094966491112,-9.300088360181233,2,1,1,-1.0,1,
1.4936767117150445,1.3954777857677156,2,1,1,-1.0,1,
-1.3203304221774892,-0.5308777097335989,2,1,1,1.0,0,
-4.274056009985266,-12.117794885538533,2,1,1,1.0,0,
-10.633239884444189,-4.294857072744516,2,1,1,-1.0,1,
-10.763192155404038,-6.6149807967751055,2,1,1,-1.0,1,
-13.26973608249578,-5.221144732668447,2,1,1,-1.0,1,
-12.366537595517844,-1.5272743386571925,2,1,1,1.0,0,
-10.070191331557153,-5.36295330218334,2,1,1,-1.0,1,
-13.282356865555123,-8.861146820104898,2,1,1,1.0,0,
-12.355049196049933,-3.60471009712792,2,1,1,-1.0,1,
-15.541718295243122,-7.825536564341393,2,1,1,-1.0,1,
-15.043262020498126,-3.7416978554268345,2,1,1,-1.0,1,
-16.021058879557064,-6.286008205149203,2,1,1,-1.0,1,
-13.711379785764711,-5.057898093121469,2,1,1,-1.0,1,
-11.438994802016609,-6.757299460737987,2,1,1,1.0,0,
-12.937688738163551,-11.098365247245562,2,1,1,1.0,0,
-7.643788404339353,-11.210668706948864,2,1,1,-1.0,1,
-7.153665334321839,-1.8928041007990484,2,1,1,-1.0,1,
-6.06659619441559,-5.9199506465879566,2,1,1,-1.0,1,
-10.397306880259347,-6.217339886372592,2,1,1,-1.0,1,
-11.645985040411954,-8.534243683581034,2,1,1,-1.0,1,
-12.46134083169223,-5.138005702085932,2,1,1,-1.0,1,
-11.763070248013712,-1.9711775906763904,2,1,1,-1.0,1,
-5.583921565156426,-9.900936126086892,2,1,1,1.0,0,
-9.011757184834709,-8.393190965912238,2,1,1,1.0,0,
-6.030820903108382,-2.8786640643726207,2,1,1,-1.0,1,
-6.508730912342546,-4.130002590575735,2,1,1,1.0,0,
-11.141197709829216,-6.834037461655454,2,1,1,-1.0,1,
3.0705453317245572,-9.821665267697123,2,-1,-1,-1.0,3,
-3.118380286870759,-3.8172786468912925,2,1,1,-1.0,1,
-5.143631292529439,-7.464009607289025,2,1,1,-1.0,1,
-8.189213623046227,-3.0034691174481414,2,1,-1,-1.0,2,
-10.328478545052597,-8.2260204783097,2,1,1,-1.0,1,
-4.988174029040154,-5.277126719741285,2,1,1,-1.0,1,
-12.705560480269495,-5.4579568499175855,2,1,1,1.0,0,
-6.287021193383048,-5.748770949385425,2,1,1,-1.0,1,
-10.52842810145545,-4.200105038283917,2,1,1,1.0,0,
-12.952618169181752,-2.8633469079451013,2,1,1,-1.0,1,
-3.2411298477959196,-0.14993522808576076,2,1,-1,1.0,1,
-7.643409128714477,-8.76066354852542,2,1,1,-1.0,1,
-18.968321789600605,-9.235873123017559,2,1,1,-1.0,1,
-7.412571563269915,-5.106363274407783,2,1,1,-1.0,1,
-11.267828793500534,-5.60687792732364,2,1,1,1.0,0,
-10.574567780522587,-2.933521191577817,2,1,1,1.0,0,
-14.466211572109822,-2.7914142171351473,2,1,1,-1.0,1,
-15.087756011256921,-5.898983397048955,2,1,1,-1.0,1,
-10.96848328525601,-8.198725169886076,2,1,1,-1.0,1,
-10.099997080207805,-8.45360322711459,2,-1,-1,-1.0,3,
-9.733886761392105,-3.0912399467454192,2,1,1,-1.0,1,
-13.594589252473329,-9.861086057493296,2,1,1,-1.0,1,
-6.125008050024902,-5.603854250957053,2,1,1,-1.0,1,
-9.760406127375575,1.3671323137727622,2,1,1,-1.0,1,
-13.838816445581207,-9.818522765367867,2,1,1,-1.0,1,
-13.31569811777391,-7.428719734801477,2,1,1,-1.0,1,
-12.396134762726447,-8.590929635588424,2,1,1,1.0,0,
-11.554556824144417,-8.667833979777402,2,1,1,1.0,0,
-13.536331130347348,-9.744007368973028,2,1,1,1.0,0,
-9.860576067012325,-4.880797897201402,2,1,1,-1.0,1,
-12.577889898293089,-11.876346624760666,2,1,1,1.0,0,
-0.17122429073790008,5.945076245564652,2,-1,1,1.0,1,
-9.383207541716411,-6.722180214230098,2,1,1,-1.0,1,
-7.422848125434108,-8.842306378894287,2,1,1,-1.0,1,
-3.794138406942475,-3.838827245534404,2,-1,1,-1.0,2,
-3.167319745801507,-1.967225283810745,2,1,1,1.0,0,
-11.793592276131161,-12.313806587692582,2,1,1,1.0,0,29_MAD
-4.094117165370979,-2.7638343588351084,2,1,1,-1.0,1,
-7.391740575693727,-6.963332826396401,2,-1,-1,-1.0,3,29_MAD
-13.426780933133953,-5.296586085045057,2,1,1,-1.0,1,
-12.272591463807027,-11.283522431469736,2,1,1,-1.0,1,
-7.0534449045148335,1.0973312767234573,2,1,1,-1.0,1,
-15.940647514787456,-11.07142791474232,2,1,1,1.0,0,
-14.022804750209781,-13.631207882331898,2,1,1,-1.0,1,
-13.131090940240334,-5.997997214620277,2,1,1,-1.0,1,
-11.248327562110791,-10.808385047856104,2,1,1,-1.0,1,
-16.300857372323435,-3.5894735182042283,2,1,1,1.0,0,
-12.127354544412679,-10.501756561573979,2,1,1,1.0,0,
-11.967604149026064,-11.248583894221067,2,1,1,-1.0,1,
-12.201853114082432,-5.974432671179813,2,1,1,-1.0,1,
-11.207711592927746,-7.31006627155704,2,1,1,-1.0,1,
-13.636311520926416,-11.253544234770144,2,1,1,-1.0,1,
-11.527641521129958,-4.253659140024575,2,1,1,-1.0,1,
-8.671728218765152,-7.6796760737052026,2,1,1,-1.0,1,
-15.186495717370935,-3.0689128312528586,2,1,1,1.0,0,
-15.50466239549507,-7.960256096230533,2,1,1,-1.0,1,
-14.275646550103534,-5.139824957333131,2,1,1,-1.0,1,
-12.9994260064626,-3.617474701899294,2,1,1,-1.0,1,
-19.144978229222435,-0.7605927348419208,2,1,1,1.0,0,29_MAD
-16.82139374833201,-7.663507468234346,2,1,1,1.0,0,
-15.26042527075738,-6.464766665392992,2,1,1,-1.0,1,
-6.050359789867052,-9.694127050491835,2,1,1,-1.0,1,
-9.124145722216864,-3.9587545800636863,2,1,1,-1.0,1,
-12.200243790069745,-6.616347102489655,2,1,1,1.0,0,
-16.435858834001333,-12.438988029310941,2,1,1,-1.0,1,
-18.046780318583373,-13.3895002573927,2,1,1,1.0,0,
-18.82968950525349,-11.241995572566651,2,1,1,1.0,0,
-15.360772640596394,-11.000798111176927,2,1,1,1.0,0,
-12.982537875961116,-7.26418031963408,2,1,1,-1.0,1,
-18.876512901905546,-9.166459940063884,2,1,1,-1.0,1,
-19.87005468031736,-11.63870385390443,2,1,1,-1.0,1,
-17.087242742291565,-9.141156109616475,2,1,1,1.0,0,29_MAD
-19.764848247239,-7.331070205140108,2,1,1,1.0,0,
-9.15482324104414,-0.39825105566229707,2,1,1,-1.0,1,
-15.787144179816323,-6.1118699358816855,2,1,1,-1.0,1,
-21.90532095692624,-10.790405885799293,2,1,1,1.0,0,
-10.983602295482738,-5.381762104055226,2,1,1,1.0,0,
-8.54636936801545,0.1408293636780204,2,1,1,-1.0,1,
-10.113555034986454,-5.568450926665514,2,1,1,-1.0,1,
-17.755311802930716,-0.41094041826512195,2,1,1,1.0,0,29_MAD
-15.160612441429826,8.479286733443164,2,-1,1,1.0,1,29_MAD
-12.354257720870589,0.9207634873602808,2,1,1,-1.0,1,29_MAD
-15.168584110535987,1.6808096551633467,2,1,1,-1.0,1,29_MAD
-17.65123884365995,-7.706486046087794,2,1,1,-1.0,1,
-12.680228157416456,10.821750779837533,2,-1,-1,-1.0,3,29_MAD
-10.270800249034915,-5.216620879000841,2,1,1,-1.0,1,
-13.68192478926183,5.591534535602456,2,1,1,-1.0,1,
-14.101398481034852,-2.6069453546232357,2,1,1,1.0,0,
-14.63331367360255,-2.806270504422295,2,1,1,1.0,0,
-9.7694128432023,-4.8248982861835055,2,1,1,1.0,0,
-6.508924127043411,-4.701789115924054,2,1,1,1.0,0,
-13.311694224034714,-7.330765668845311,2,1,1,1.0,0,
-15.392340239850483,-12.412371157007083,2,1,1,-1.0,1,
-12.885136551482061,-8.241872029568833,2,1,1,-1.0,1,
-13.46714935995302,-9.54497065469577,2,1,1,-1.0,1,
-11.380509632931291,-11.104460618773802,2,1,1,-1.0,1,
-11.620073854078687,-10.725633555371754,2,1,1,-1.0,1,
-14.387803332207797,-9.694117830274978,2,1,1,-1.0,1,
-6.515113294499607,-1.125775689466784,2,1,1,-1.0,1,
-16.893810423900185,-11.108333921353184,2,1,1,1.0,0,
-18.471248477494807,-8.39655920899998,2,1,1,-1.0,1,
-11.102540562230631,-10.617277843174875,2,1,1,-1.0,1,
-4.943500419663804,-6.348850110574231,2,1,1,-1.0,1,
-3.9371716070690885,2.8574204808272454,2,1,1,-1.0,1,29_MAD
-4.522421196646002,-6.7122776852963675,2,1,1,-1.0,1,
-7.0551936516248785,11.358651920091345,2,-1,-1,-1.0,3,
-16.667621385538084,-11.012850838887985,2,1,1,1.0,0,
-4.737477021050417,3.0157049411016663,2,-1,-1,-1.0,3,29_MAD
-10.230718886227168,-5.025994476559591,2,1,1,-1.0,1,
-8.885189257062576,-1.0091693509003856,2,-1,1,-1.0,2,29_MAD
-9.158411349337298,-9.145914487992666,2,1,1,-1.0,1,
-2.7122910503579303,-6.866315147571307,2,1,1,-1.0,1,
-14.610995442446358,-2.619290567937743,2,1,1,-1.0,1,29_MAD
-12.851703025335691,-8.22101691842525,2,1,1,-1.0,1,
-0.9857218261596261,-10.680228648312006,2,1,1,-1.0,1,
-7.954951894946344,-10.934597984050068,2,1,1,-1.0,1,
-5.889378076017789,3.2312542113670815,2,1,1,-1.0,1,
-11.2041814599119,-9.872398294950639,2,1,1,-1.0,1,
-7.067376491083422,-2.694548868402409,2,1,1,-1.0,1,
-4.264142672935761,-2.705289088353062,2,1,1,-1.0,1,
-10.193367977527195,-13.090203614623354,2,1,-1,1.0,1,
-14.558686708862119,-9.793861387242973,2,1,1,-1.0,1,
-9.518631574653009,-8.61197768602462,2,1,1,1.0,0,
-10.178757375991145,-10.063052693360339,2,1,1,-1.0,1,
-6.848576495592626,-11.773850228178667,2,1,1,1.0,0,
-7.866849288095798,-7.597503806141905,2,1,1,-1.0,1,
-15.906103413508902,3.33246318013837,3,1,1,-1.0,1,19_MAD
-23.255618208087167,-1.9067551970967052,3,1,1,1.0,0,
-19.189779103137944,-4.5155369762147775,3,1,1,-1.0,1,
-20.851997418966498,3.07816149463548,3,1,1,-1.0,1,
-19.406626880209274,-8.13523597634769,3,1,1,1.0,0,
-23.565506010914987,3.6212541189294982,3,1,1,-1.0,1,
-23.892068587040505,0.5928264901009199,3,1,1,1.0,0,
-21.561376430355242,-8.819550596286977,3,1,1,1.0,0,
-20.242240009625323,-5.3570280850649405,3,1,1,-1.0,1,
-24.096078569548563,-1.812851932633563,3,1,1,-1.0,1,
-20.606029737739085,-14.859451771703112,3,1,1,-1.0,1,44_MAD
-24.685634854780147,-5.215516790531082,3,1,1,1.0,0,
-14.33628091870758,-23.07180095068296,3,-1,-1,-1.0,3,
-19.632675986201193,-11.99624560961161,3,1,1,1.0,0,
-26.954984825105626,0.8162818980554996,3,1,1,1.0,0,
-16.928593500831003,-8.002739567242667,3,1,1,1.0,0,44_MAD
-21.54342003208654,-8.631611217840634,3,1,1,-1.0,1,
-26.069904633333262,3.5089137628039664,3,1,1,-1.0,1,
-19.143511165073267,-2.190159550245325,3,1,1,-1.0,1,
-21.877090340992456,2.2774434415804183,3,1,1,1.0,0,
-23.029148274313005,-2.410266974519597,3,1,1,-1.0,1,
-20.445707554206862,-6.704559296625453,3,1,1,-1.0,1,
-18.30484862721327,-9.526071953644477,3,1,1,-1.0,1,44_MAD
-19.84272237250259,-8.78003405616056,3,1,1,-1.0,1,
-17.852609790698846,-9.136754200818759,3,-1,1,-1.0,2,44_MAD
-13.524027651234801,-9.031735489111592,3,-1,1,-1.0,2,44_MAD
-19.47319653657091,3.344029355401399,3,1,1,1.0,0,
-15.665608846460106,-1.2307305515634988,3,1,1,-1.0,1,
-22.50371573596669,0.8222564299225333,3,1,1,1.0,0,
-20.54204678264205,0.042066867259221104,3,1,1,-1.0,1,
-16.316102856809792,-3.3659324894524176,3,1,1,1.0,0,
-20.74920250581452,-1.9286111137624742,3,1,1,-1.0,1,
-25.42375593527958,0.5508597159440772,3,1,1,-1.0,1,38_MAD
-20.433156370468282,-1.7086919864277024,3,1,1,1.0,0,
-20.468075337724965,-0.5815496950452743,3,1,1,-1.0,1,
-25.222139019368385,-2.7254370235394925,3,1,1,-1.0,1,
-15.983312274973049,-2.73154818036053,3,1,1,-1.0,1,
-10.431786042600931,1.0471189278728301,3,1,1,-1.0,1,
-22.366274619192392,3.872300454328681,3,1,1,-1.0,1,
-23.69414759991212,-1.8253693189365034,3,1,1,-1.0,1,
-21.291473365897833,1.7548668434261279,3,1,1,1.0,0,
-17.37701134973325,8.306799591900994,3,1,1,-1.0,1,18_MAD
-9.297901482333355,13.632879982024386,3,-1,-1,-1.0,3,38_MAD
-20.66572984617709,6.617105791881367,3,1,1,1.0,0,
-14.185287819067192,4.547356652674505,3,1,1,-1.0,1,18_MAD
-11.389710560098925,9.719246262514524,3,1,1,1.0,0,
-13.914955716372686,9.679995545000784,3,1,1,1.0,0,18_MAD
-12.832920875338537,9.177288705399636,3,1,1,-1.0,1,18_MAD
-13.562030947127946,8.26548488504407,3,1,1,1.0,0,
-12.816982663441177,8.02691093541258,3,1,1,-1.0,1,19_MAD
-15.961301144600368,3.849047599889212,3,1,1,-1.0,1,
-15.175838343402345,3.435288845019909,3,1,1,-1.0,1,
-12.044684642586036,6.382666410667492,3,-1,-1,-1.0,3,38_MAD
-13.994169666439243,13.455811334796241,3,1,1,-1.0,1,18_MAD
-19.22902974581401,6.43202865144443,3,1,1,-1.0,1,18_MAD
-12.070662243054779,2.2800227790140712,3,1,1,1.0,0,
-17.905761608283854,5.678320224306943,3,1,1,1.0,0,
-15.099264177249074,7.956512182162659,3,-1,1,-1.0,2,
-19.610645063701522,10.27902728969957,3,1,-1,1.0,1,
-10.962094573568509,7.777284826292211,3,-1,-1,-1.0,3,18_MAD
-11.770801532093813,6.719930891123396,3,1,1,-1.0,1,
-14.220940891107487,5.802122852201973,3,-1,-1,-1.0,3,
-9.376835839649775,1.2170610136304734,3,1,1,1.0,0,
-8.245636705317542,4.515103550054891,3,-1,1,1.0,1,18_MAD
-19.458024860644496,4.316002085257349,3,1,1,-1.0,1,
-16.961333293881317,6.479512100275871,3,1,1,-1.0,1,18_MAD
-15.86565121508321,-1.4491039096297846,3,1,1,1.0,0,38_MAD
-18.632621502987675,7.778089202571688,3,1,1,-1.0,1,38_MAD
-14.602519922789064,-3.254565024396574,3,1,1,-1.0,1,
-11.733695399961332,6.719623047671365,3,1,1,-1.0,1,
-24.383949347944732,6.563434075127433,3,1,1,-1.0,1,38_MAD
-21.91591442803928,-0.09510546381878973,3,1,1,1.0,0,
-24.33856877727576,6.375571244503511,3,1,1,-1.0,1,38_MAD
-23.37771335130561,-4.103282245286594,3,1,1,1.0,0,
-20.919598525649473,2.1806406488415444,3,1,1,1.0,0,38_MAD
-21.280002261146272,4.757891828931506,3,1,1,1.0,0,
-5.155777013555271,-3.6666234348787223,3,1,1,1.0,0,
-9.664769748880607,-0.16844158164861617,3,1,1,1.0,0,
-16.822066625809352,-8.985144032670684,3,1,1,1.0,0,
-5.389719182810819,2.0046842364633233,3,1,-1,-1.0,2,
-21.08018584188999,-1.6311313264775047,3,1,1,-1.0,1,
-22.167364600449243,1.7336302894651658,3,1,1,1.0,0,
-20.489073060812153,0.2273332808581823,3,1,1,-1.0,1,
-13.84367101088359,-6.5946261791047265,3,1,1,1.0,0,
-12.337260680214644,-5.79708991431203,3,1,1,-1.0,1,
-18.6860265814848,-1.5496551832003564,3,-1,1,-1.0,2,
-16.32100343884142,-7.036474506268041,3,1,1,-1.0,1,44_MAD
-21.409402608177167,-0.46972867508998495,3,1,1,-1.0,1,
-19.17576045409873,-0.8971502262825497,3,1,1,1.0,0,
-21.471348242104284,1.2281390720646865,3,1,1,-1.0,1,
-13.947610720278702,1.6352686857813552,3,1,1,-1.0,1,
-17.425940404622683,-1.7228691387109767,3,1,1,-1.0,1,
-19.258723633558855,9.030458095732769,3,1,1,-1.0,1,
-17.972016398374873,7.822437328998032,3,1,1,1.0,0,
-20.211818110441936,6.10336671736051,3,1,1,1.0,0,38_MAD
-14.3831202973091,6.48442256323949,3,1,1,-1.0,1,
-20.079898087342173,4.5417095516900305,3,1,1,1.0,0,
-19.64940025068342,8.100010714106753,3,1,1,1.0,0,
-13.925378328206326,10.811265102748285,3,1,-1,-1.0,2,
-17.072452620295874,12.494645534551504,3,1,1,-1.0,1,38_MAD
-7.9065560718438475,14.159896570381528,3,-1,-1,-1.0,3,
-21.633552286230344,8.552823655586765,3,1,1,-1.0,1,
-12.770167951788055,10.263703964304284,3,1,-1,-1.0,2,38_MAD
-17.15641359636426,4.154844670038898,3,1,1,1.0,0,
-17.40818632742183,12.168301292890279,3,-1,1,1.0,1,38_MAD
-23.135768302747785,5.440716328681354,3,1,1,1.0,0,
-23.394705216847143,5.353393632382328,3,1,1,-1.0,1,
-24.58383403052644,3.2142136160937476,3,1,1,1.0,0,
-24.176903580124485,2.5861444582381137,3,1,1,-1.0,1,
-31.1699043003282,8.26470974984333,3,1,1,1.0,0,
-28.40321652848161,3.17830142217319,3,1,1,1.0,0,
-28.85817966469888,7.508727352510261,3,1,1,-1.0,1,
-28.83329922103758,4.405792004251753,3,1,1,-1.0,1,
-24.802723920893527,4.767674110527118,3,1,1,1.0,0,
-27.87606976497525,4.2525671166405905,3,1,1,1.0,0,
-3.1951225309192712,-13.079164158074644,3,-1,-1,-1.0,3,44_MAD
-27.079435889332494,6.015397701176886,3,1,1,-1.0,1,
-27.482941405874165,4.682482107461937,3,1,1,-1.0,1,
-26.15002897762204,6.178781053704893,3,1,1,-1.0,1,
-25.342351253091437,1.8632656853752205,3,1,1,-1.0,1,
-25.854343165566345,10.810943046253211,3,1,1,-1.0,1,
-11.487967921807533,-26.054648813562235,3,-1,-1,-1.0,3,44_MAD
-26.494877211265457,12.185229581892814,3,1,1,-1.0,1,38_MAD
-23.846685865010123,-5.613074070650182,3,1,1,-1.0,1,
-23.41039951351394,-2.7710001434563485,3,1,1,-1.0,1,
-28.391559804774683,6.509052648252259,3,1,1,-1.0,1,
-23.65137613263018,-10.915835112475323,3,1,1,-1.0,1,44_MAD
-22.983242222979683,-1.3505326347001676,3,1,1,-1.0,1,
-21.99508582274258,-0.2124167997850443,3,1,1,-1.0,1,
-23.191686473950533,0.9480841126723506,3,1,1,-1.0,1,
-23.280382236768418,-12.887459749662089,3,1,1,-1.0,1,44_MAD
-30.255838784729267,0.14910811256667805,3,1,1,-1.0,1,
-25.850818573959685,5.907632055407217,3,1,1,-1.0,1,38_MAD
-21.228274347277,6.156919101760437,3,1,1,1.0,0,38_MAD
-26.625767201274844,4.971979057820773,3,1,1,-1.0,1,
-18.117801520985058,-2.9249162838574008,3,1,1,1.0,0,
-24.27846730484057,6.209950762359227,3,1,1,-1.0,1,38_MAD
-25.499842784971403,9.137424137643789,3,1,1,-1.0,1,38_MAD
-28.365274561983206,12.041103735923148,3,1,1,-1.0,1,38_MAD
-25.108024467691656,2.1927410779101706,3,1,1,-1.0,1,
-21.811140199074682,-8.945889925072766,3,1,1,1.0,0,
-23.671472550143495,3.3519051414225336,3,1,1,1.0,0,38_MAD
-22.603544843441533,9.349248381118048,3,1,1,-1.0,1,18_MAD
-26.39586514240058,1.3856234653573547,3,1,1,1.0,0,
-17.704609358891304,5.224431355708102,3,1,1,1.0,0,
-21.388390336866372,7.399174449045997,3,1,1,-1.0,1,
-18.579317858861657,1.0206852737970018,3,1,1,1.0,0,
-21.455862304341622,3.3191497240439234,3,1,1,1.0,0,
-18.388911185028594,3.1087389634748352,3,1,1,1.0,0,
-20.053045051963004,6.602359552700632,3,1,1,-1.0,1,
-23.22013129993824,5.1220949718212525,3,1,1,-1.0,1,
-27.87534703686516,5.61827287935025,3,1,1,1.0,0,
-20.506737059352943,3.260523644388195,3,1,1,-1.0,1,
-22.02418609988136,0.9954261419318916,3,1,1,1.0,0,
-21.333355278631494,6.349772327673411,3,1,1,1.0,0,
-19.418667544877323,7.93560316344711,3,1,1,1.0,0,
-21.717039619201838,0.5340349527349867,3,1,1,-1.0,1,
-16.628639317595987,-6.696501476513375,3,1,1,1.0,0,
-17.57331943331516,-5.39884677249082,3,1,1,-1.0,1,
-23.249442459275446,-6.531310142055442,3,1,1,-1.0,1,
-16.505396375817476,-25.259284655823144,3,1,1,-1.0,1,44_MAD
-11.995635807943149,-21.517234919629246,3,1,1,-1.0,1,44_MAD
-13.51326276258699,-27.494447820221094,3,1,-1,-1.0,2,44_MAD
-7.5223808623081165,-20.73371750565081,3,1,1,1.0,0,44_MAD
-13.93343387028814,-19.155654701053813,3,1,1,1.0,0,44_MAD
-22.661381140096278,-9.373795892979924,3,1,1,-1.0,1,
-16.805773789026016,-2.4969187884890567,3,1,1,1.0,0,
-13.606252592946369,-5.152125928790372,3,1,-1,-1.0,2,18_MAD 19_MAD 44_MAD
-20.619032367158916,-5.40216749651936,3,1,1,-1.0,1,
-19.679593760945863,-0.10926439653781315,3,1,1,-1.0,1,
-6.458161631050932,2.1808152390628743,3,1,1,1.0,0,19_MAD
-8.231509200362268,-13.919717062346528,3,1,1,-1.0,1,44_MAD
-4.734689641926424,-4.67397807157313,3,-1,-1,1.0,2,19_MAD 44_MAD
-3.792886000715458,-21.45169654537368,3,-1,-1,1.0,2,44_MAD
-8.883616895021861,-11.842592595611261,3,1,1,-1.0,1,44_MAD
-4.946481464849194,-15.447534307873648,3,-1,-1,-1.0,3,44_MAD
-0.02775920010788362,7.8355221894583105,3,-1,-1,1.0,2,19_MAD 38_MAD
-7.993880126296126,-15.346799099606818,3,1,1,1.0,0,44_MAD
-15.47890205535741,-16.059284494274674,3,1,1,1.0,0,
-19.83753409201707,-7.853121636132103,3,1,1,-1.0,1,
-10.962864926692953,-1.074461544362707,3,1,1,-1.0,1,
-1.4590367362172627,-3.6916265833027517,3,-1,-1,-1.0,3,19_MAD 44_MAD
-18.68126074226311,-3.6642994624386485,3,1,1,1.0,0,
23.306866271662294,4.269062266741642,4,1,1,-1.0,1,
24.4567331900882,2.661293251249381,4,1,1,1.0,0,
17.538766458362897,4.627730282995124,4,1,1,-1.0,1,
25.045084218178125,0.7712319820910245,4,1,1,1.0,0,
28.18161960589144,7.427000910499651,4,1,1,-1.0,1,46_MAD
19.446585366134492,-4.4108549141661095,4,1,1,-1.0,1,
18.20043947807966,-13.212953248477305,4,-1,-1,1.0,2,
22.568147126579394,0.6865838026548678,4,1,1,1.0,0,
22.772322843165043,4.986720219366304,4,1,1,1.0,0,
16.83221031167274,-1.388084479442646,4,1,1,1.0,0,
18.748064687623938,2.6905223599508057,4,1,1,-1.0,1,
16.71068712277748,-12.11690586279534,4,1,1,-1.0,1,
24.507036681316787,1.2244828625392,4,1,1,1.0,0,
18.417611093180955,-14.954132108092885,4,1,1,-1.0,1,
22.416449919150512,-10.872648960852809,4,1,1,-1.0,1,
19.64133301016373,-12.415479731202495,4,1,1,1.0,0,
25.3387452400844,-12.589396134717814,4,1,1,-1.0,1,46_MAD
20.37979155511889,-10.446026377001685,4,1,1,-1.0,1,
21.09601044603499,-12.783757167856105,4,1,1,1.0,0,46_MAD
26.25005882321221,-11.806754452378627,4,1,1,-1.0,1,
24.845195406811577,-13.10000978736439,4,1,1,1.0,0,
20.79718814388736,-12.870244204959512,4,-1,1,1.0,1,46_MAD
22.257850608774156,-15.988398761863829,4,1,1,-1.0,1,
17.546568912589777,-8.221358206488498,4,1,1,-1.0,1,
22.697753697560128,-13.28092479006056,4,1,1,-1.0,1,
20.917820166866335,-1.59327144847968,4,1,1,-1.0,1,
26.45292248687974,-3.943980011436015,4,1,1,1.0,0,
23.395297726161953,-1.015924397552237,4,1,1,1.0,0,
27.566229706086,4.130558538383018,4,1,1,-1.0,1,
28.8892143567746,2.7423779422632766,4,1,1,1.0,0,
25.97170337647376,2.5738448970613255,4,1,1,1.0,0,
26.413629212618208,-4.164949086498882,4,1,1,-1.0,1,
30.398981427045324,7.8097385402985315,4,1,1,1.0,0,
20.69319706930076,-6.3892413604541165,4,1,1,1.0,0,
29.46778360360784,9.379362273874943,4,1,1,-1.0,1,
28.096187171366722,-0.7073519638816582,4,1,1,-1.0,1,
28.852782730802534,1.6754668058165958,4,1,1,1.0,0,
26.837515682583383,-1.230338675780616,4,1,1,1.0,0,
17.78120043240424,-3.7714810079223295,4,1,1,1.0,0,
21.98585350616435,-9.723373418812082,4,1,1,1.0,0,
22.09985455522917,-8.11549122206462,4,1,1,-1.0,1,
19.18467361324803,-6.366943882891374,4,1,1,1.0,0,
22.57803398676048,-4.811066857314471,4,1,1,-1.0,1,
20.216326402172747,-6.141905040643852,4,1,1,1.0,0,
17.35001579236029,1.0558717903779797,4,1,1,-1.0,1,
21.294841870557203,-4.4683906676955125,4,1,1,1.0,0,
20.787781052732612,-7.135619543004971,4,1,1,-1.0,1,
14.941160346551161,-3.3691133496978805,4,1,1,1.0,0,
21.576680846924933,-4.090912667261553,4,1,1,-1.0,1,
20.315653223249882,-1.85076234674776,4,1,1,-1.0,1,
19.014326557149506,-9.495099134658817,4,1,1,-1.0,1,
19.36766292529303,-6.429253351400579,4,1,1,1.0,0,
11.841131876018633,-7.642670630872496,4,-1,1,-1.0,2,
22.3165147957091,-1.3325763431331148,4,1,1,1.0,0,
19.172637215516605,-2.814612588225938,4,1,1,-1.0,1,
24.738590332392672,-2.5353383333870565,4,1,1,-1.0,1,
14.666466920547517,-9.159100741284139,4,1,1,-1.0,1,10_MAD
16.851207874869967,-6.483914927352593,4,1,1,1.0,0,
18.551128636020504,-2.0420394105488597,4,1,1,1.0,0,
19.827402055760544,-3.5610982846126085,4,1,1,1.0,0,
15.656796495522897,0.23669416252538342,4,1,1,-1.0,1,
24.39267667657495,-0.8281021795396426,4,1,1,1.0,0,
12.409863572743445,-6.2482798313179995,4,-1,1,1.0,1,
15.057618891702443,-4.331796784082632,4,1,1,-1.0,1,
23.2641541947791,-10.444186073612277,4,1,1,-1.0,1,
27.16191265255148,-9.284113888486157,4,1,1,-1.0,1,
17.064873487192912,-3.711483552334263,4,1,-1,1.0,1,
18.36071824769399,-10.61878581735816,4,1,1,-1.0,1,
15.726874460613864,-5.908781564331157,4,1,-1,1.0,1,
22.359388035239615,-6.695387874121503,4,1,1,1.0,0,
25.18730170488584,-6.748863029166453,4,1,1,1.0,0,
19.526096004378264,-5.598109663978072,4,1,1,1.0,0,
7.758854540854932,-11.8118875345779,4,-1,-1,1.0,2,
14.952219449845446,-0.6712418956832308,4,-1,-1,1.0,2,
15.996895283604815,-9.86745443390617,4,-1,-1,-1.0,3,
23.407131161898885,2.5675157061795315,4,1,-1,-1.0,2,
13.811295117707413,-11.33120274401391,4,-1,-1,1.0,2,
28.22218509014982,3.1226240121618383,4,1,1,-1.0,1,
29.812846345615444,-4.172384765970283,4,1,1,-1.0,1,
25.744026360631967,2.4733345962509183,4,1,1,-1.0,1,
28.953240706672922,3.1411824663797443,4,1,1,-1.0,1,
26.977212197441094,-0.9096009087055396,4,1,1,1.0,0,
28.859792901496043,-0.722678141262654,4,1,1,1.0,0,
25.292659024689975,13.649773617525657,4,1,1,-1.0,1,
25.41378148029985,2.345925496523745,4,1,1,-1.0,1,
25.67648004743262,4.368070121970941,4,1,1,-1.0,1,
27.270529904422787,-0.5560994999962549,4,1,1,1.0,0,
28.75696496324336,-0.3606028908799368,4,1,1,-1.0,1,
29.557568105421332,3.930396599092377,4,1,1,1.0,0,
26.43154881422805,9.50465366216387,4,1,1,-1.0,1,
28.227627731908267,9.628072366228917,4,1,1,1.0,0,
28.76329231895928,6.931769015634589,4,1,1,-1.0,1,
20.432055702188833,5.506590220661641,4,1,1,-1.0,1,
22.699894220328343,3.6411752273802818,4,1,1,-1.0,1,
16.7802769361764,6.694963665061079,4,1,1,-1.0,1,
19.889528923916057,-0.14466201582609695,4,1,1,-1.0,1,
21.653370298300672,14.012920404565135,4,-1,-1,-1.0,3,
13.67639242022716,6.693529610077125,4,-1,-1,1.0,2,
22.452058623761836,-1.4764521723206954,4,1,1,-1.0,1,
27.236639830419072,3.1353485884726022,4,1,1,-1.0,1,
20.5323148111545,4.845374672969611,4,1,1,-1.0,1,
13.61576255225064,-3.888377788718518,4,-1,-1,1.0,2,
24.44560341356837,-2.853933194144699,4,1,1,-1.0,1,
17.00363773857301,-1.8587592367588663,4,1,1,-1.0,1,
14.489785931863835,1.0510477450352487,4,1,-1,1.0,1,
21.257872341386594,1.0182925710268143,4,1,1,-1.0,1,
16.47459495531225,6.659079323411239,4,-1,-1,-1.0,3,
18.096377468851685,0.14747089038496053,4,1,1,1.0,0,
5.105790553680052,-7.814782525203242,4,-1,-1,-1.0,3,10_MAD
17.33761027337843,-1.4926433591118726,4,1,1,-1.0,1,
20.194533639158326,-6.286831421729029,4,1,1,1.0,0,
23.32308069435884,2.8974687336001113,4,1,1,-1.0,1,
26.0448916587084,9.176246703713314,4,1,1,-1.0,1,
14.353692584012329,3.2049649586016113,4,1,1,-1.0,1,
23.76843740437705,3.2295337986620685,4,1,1,-1.0,1,
17.579977093932577,-7.210307238186482,4,1,1,1.0,0,
26.7629705910903,1.8668011415953327,4,1,1,-1.0,1,
27.292231598456993,9.0362071416471,4,1,1,-1.0,1,
21.01747493840321,1.034634735463604,4,1,1,1.0,0,
27.990295912739708,10.210457119907387,4,1,1,-1.0,1,
26.16295012797581,12.670256618500568,4,1,1,-1.0,1,
27.361409686374728,3.797785460080796,4,1,1,1.0,0,
28.98470473546271,1.2060208021459413,4,1,1,1.0,0,
27.798675748675926,6.522143033750741,4,1,1,-1.0,1,
29.515865197705367,6.8099900620375875,4,1,1,1.0,0,
23.88915053998988,6.135194506103397,4,1,1,-1.0,1,
29.97705952947616,8.008168932159725,4,1,1,-1.0,1,
28.123972798240242,9.994560986925187,4,1,1,-1.0,1,
16.373161439184887,1.756884341374179,4,1,1,1.0,0,10_MAD
23.459428925158193,11.085010779322005,4,1,1,1.0,0,
20.530517390641556,17.85758899592524,4,-1,1,-1.0,2,
18.371748995428057,7.268458252044569,4,-1,1,1.0,1,
24.546996318630917,12.457835804764967,4,1,1,-1.0,1,
23.411180625679116,10.741056270509647,4,1,1,-1.0,1,
29.479083408299033,6.672161072981541,4,1,1,-1.0,1,
24.747084625618545,10.305648720127664,4,1,1,1.0,0,
20.999448700860015,13.258940742200586,4,1,1,-1.0,1,46_MAD
28.842027776916826,2.0067413751846535,4,1,1,-1.0,1,
25.200425974684844,11.239695705907119,4,1,1,-1.0,1,
26.461361401507954,11.211584144094465,4,1,1,-1.0,1,
25.36756190626047,9.051914823346301,4,1,1,1.0,0,
28.629768203430146,9.727173206712205,4,1,1,-1.0,1,
18.089902836325585,-2.9552319271787115,4,1,1,1.0,0,
25.7896856177285,-0.544019038096491,4,1,1,-1.0,1,
25.03347911906308,-3.711541044325772,4,1,1,-1.0,1,
26.68918356269847,0.6650657027309994,4,1,1,-1.0,1,
23.640339244859305,-2.225374340268467,4,1,1,1.0,0,
25.738084584797495,-2.53376199148976,4,1,1,-1.0,1,
26.75080554289535,0.982233882898857,4,1,1,-1.0,1,
25.095018403404826,-4.111301777513458,4,1,1,-1.0,1,
24.40942978957993,-4.991432422946642,4,1,1,-1.0,1,
26.74763492341102,0.0303446091923333,4,1,1,-1.0,1,
18.59252250253637,-7.404421312175022,4,1,1,-1.0,1,
27.008551355489082,-2.301936828375162,4,1,1,-1.0,1,
27.522980360541066,-5.502674226302268,4,1,1,1.0,0,
22.25332875491647,-1.4443769237422819,4,1,1,-1.0,1,
24.07940391365719,-0.5207490069815717,4,1,1,-1.0,1,
20.51957142467108,-2.1368301085927084,4,1,1,-1.0,1,10_MAD
27.28697301677898,1.1807615926084676,4,1,1,1.0,0,
16.13382114563332,-6.298400419344843,4,1,1,1.0,0,
-7.073421399175078,-17.963200682943445,4,-1,-1,1.0,2,10_MAD
-1.2083627856400758,-17.007382892568668,4,-1,-1,1.0,2,
28.290256070602844,4.3158505759494705,4,1,1,1.0,0,
26.282899923699297,-3.037677229466525,4,1,1,-1.0,1,
23.754032433971524,0.13950234449815513,4,1,1,1.0,0,
16.48407992559868,-9.761891506593955,4,1,1,-1.0,1,
-7.765943909779891,-13.975306189241605,4,-1,-1,1.0,2,10_MAD
26.675716311440762,0.7498660836675672,4,1,1,1.0,0,
14.14083434010159,-2.8752796652534967,4,-1,-1,-1.0,3,
29.09622815437413,4.458706566685844,4,1,1,-1.0,1,
27.78817358889164,5.314845449502987,4,1,1,-1.0,1,
27.10401963817614,2.1720634288418896,4,1,-1,-1.0,2,
28.997188954648234,-0.24447108336327805,4,1,1,-1.0,1,
25.159459402562607,0.19775804244671835,4,1,1,1.0,0,
23.60662176987223,6.0893130837418985,4,1,1,-1.0,1,
28.435721182730482,12.25441206263313,4,1,1,1.0,0,
23.6033872471409,3.410687992625803,4,1,1,-1.0,1,
20.230823797387778,2.370176731626631,4,1,1,-1.0,1,
26.803272128316163,2.2324816154713596,4,1,1,-1.0,1,
28.181198009541124,7.7825336484239065,4,1,1,-1.0,1,
31.700123258993933,2.783566441448679,4,1,1,-1.0,1,
-14.087086043272238,7.914447924060299,5,-1,-1,1.0,2,29_MAD
-1.400726176250367,-15.86129676841198,5,1,1,1.0,0,
6.111415870675652,-5.461900866318306,5,1,1,1.0,0,
-5.020242863374782,-3.5982936273340496,5,1,1,-1.0,1,
-6.030023079613086,-11.217758685442268,5,-1,1,1.0,1,
-3.1855759206704524,-9.590169611765889,5,1,1,1.0,0,
3.0097192841833307,-11.390419446645273,5,-1,-1,-1.0,3,
-6.150656837848688,-5.705777661446176,5,1,1,1.0,0,29_MAD
-1.275814253387823,0.9670559570568645,5,1,1,-1.0,1,
-0.013973815656272318,-3.906443900102748,5,1,1,1.0,0,
0.8559474764974518,-7.073051783523449,5,1,1,1.0,0,
-3.1868634420945794,-16.201471089190946,5,1,1,-1.0,1,
-3.319985637413959,-3.6741745862289137,5,1,-1,-1.0,2,
-0.9930226383670833,-13.182850191345548,5,1,1,-1.0,1,
-4.345158194327932,-17.564693144989494,5,1,1,1.0,0,
6.280495038214542,-2.240955484781371,5,1,1,1.0,0,33_MAD
1.5601510751902483,-15.375630580315617,5,1,1,1.0,0,
5.047763688918427,-10.993859619688257,5,1,1,1.0,0,
2.420294815241306,-10.290359276303297,5,1,1,-1.0,1,
-2.4800090656876486,-9.61613080689131,5,1,1,-1.0,1,
-0.1420066740303062,-12.376016265530081,5,1,1,-1.0,1,
2.8972765478256375,-4.025529946372898,5,1,1,-1.0,1,
-0.30279716649133526,-11.024133808498483,5,1,1,-1.0,1,
7.6954074007513,-8.705253589658556,5,1,1,-1.0,1,
4.459894687801753,-11.03321405712863,5,1,1,1.0,0,
3.171670030135842,-12.790382355503692,5,1,1,-1.0,1,
-11.580751312223898,11.226693143340864,5,1,1,-1.0,1,29_MAD
-6.211507427070864,-17.50782769640407,5,1,1,-1.0,1,14_MAD
-8.89282310998412,1.568282368849255,5,1,1,-1.0,1,
-7.499347519731344,5.151327430466457,5,1,1,-1.0,1,29_MAD
-7.040395452011944,12.800603322254023,5,1,1,-1.0,1,
-8.546192621292965,14.437862702743013,5,-1,-1,1.0,2,
-7.079708827506695,1.4210308144179358,5,1,1,-1.0,1,
5.328827555153672,1.0857584136732286,5,1,1,1.0,0,
-5.502895786517339,2.7727051967015686,5,1,1,-1.0,1,
-10.211676204483627,11.643396399070308,5,1,1,1.0,0,29_MAD
-7.864691438941191,-1.2976713729471077,5,1,1,1.0,0,
-13.463382989025188,11.424532849561139,5,1,1,1.0,0,
-2.191014747137376,-13.93499191704595,5,1,1,1.0,0,
-10.188686990449126,-2.9349178255903308,5,1,1,1.0,0,14_MAD 29_MAD
-1.5234392628539233,-8.056540016903249,5,1,1,-1.0,1,14_MAD
-0.4322465017847963,-5.936111620569951,5,1,1,1.0,0,14_MAD
-15.222855011327633,1.1338165350927794,5,1,-1,1.0,1,14_MAD 29_MAD
-3.4547382780914537,0.5000142014030129,5,1,1,1.0,0,
-12.271888885226613,5.2544367467954824,5,-1,-1,1.0,2,14_MAD 29_MAD
-1.5692213168217164,-4.431661684432853,5,-1,1,-1.0,2,14_MAD
-5.327303202477665,6.144278783623926,5,-1,-1,-1.0,3,14_MAD 29_MAD 33_MAD
-5.785306110411369,0.2029464147004514,5,1,1,-1.0,1,
-7.048851336596106,-3.149490550761009,5,1,1,1.0,0,
-5.026171563032412,-2.066627413959043,5,1,1,-1.0,1,
0.49837240311987774,-9.889737436198264,5,1,1,-1.0,1,
8.451990677159102,-1.3860720225255763,5,1,-1,-1.0,2,14_MAD
-1.9581677501354868,6.277574346129272,5,1,1,1.0,0,29_MAD
-9.99650418743785,14.464175064785211,5,1,1,-1.0,1,29_MAD
-13.645550110207335,10.911885469957934,5,1,1,1.0,0,29_MAD
-11.891838581799519,2.321395494525878,5,1,1,-1.0,1,29_MAD
-11.298547224042933,14.407366706413454,5,1,1,1.0,0,29_MAD
-11.530671196492573,11.774177571461383,5,1,1,-1.0,1,29_MAD
-13.309556620968124,12.155659589493087,5,1,1,-1.0,1,29_MAD
-8.406586736839106,7.443488073972086,5,1,1,-1.0,1,29_MAD
-7.96852487218277,13.547147725808621,5,-1,1,1.0,1,29_MAD
-11.476499340144978,17.152986131324795,5,-1,1,-1.0,2,29_MAD
-10.616559131767104,6.567636859824173,5,1,1,-1.0,1,29_MAD
-1.821015594944991,2.5548790485802084,5,-1,-1,-1.0,3,29_MAD
-12.216998842032096,13.22706891538113,5,1,1,1.0,0,29_MAD
4.449156020352336,1.615404926592817,5,1,1,-1.0,1,33_MAD
2.475998321808276,0.26164727334495425,5,1,1,1.0,0,
0.7786520137070494,-2.6846832184141025,5,1,1,1.0,0,
18.234159904023922,3.1580625618139475,5,-1,-1,-1.0,3,29_MAD 33_MAD
6.300958025989788,-13.627399989428113,5,1,1,1.0,0,
8.413367429036002,-8.104698833155402,5,1,1,-1.0,1,14_MAD 33_MAD
4.421184135632488,-9.677896972750514,5,1,1,-1.0,1,
9.724209037131727,6.001001903309164,5,1,1,1.0,0,33_MAD
11.512808226338924,1.843329634022895,5,1,1,-1.0,1,14_MAD
-3.6455067577397218,6.841437936742747,5,1,1,-1.0,1,
0.9809690795924859,-11.113063191572566,5,1,1,1.0,0,
7.861232389126273,-8.360557901709086,5,1,1,1.0,0,
3.8497165922735066,-0.17597212318949607,5,1,-1,-1.0,2,
-3.816209526595065,-19.824526593035756,5,1,1,-1.0,1,
-1.4714191224613749,-8.183436758154887,5,1,1,-1.0,1,
-1.347172177045282,-10.507401365422337,5,1,1,1.0,0,
-7.812667849163116,-21.75366845055625,5,-1,-1,-1.0,3,14_MAD
8.227732920954978,-12.30245474151959,5,1,1,-1.0,1,14_MAD
-4.474594758327243,-21.521243002561917,5,1,1,-1.0,1,
-1.2960859151988642,-16.419958692048542,5,1,1,1.0,0,14_MAD
-2.9924698009291926,-13.492460250011643,5,1,1,1.0,0,14_MAD
-3.715374745152833,-17.091848484569255,5,1,1,-1.0,1,14_MAD
-4.254120866415097,-14.607064343280653,5,1,1,-1.0,1,14_MAD
1.6688943571648238,-12.001261489149865,5,1,1,-1.0,1,
-9.29993188611534,-15.060266773023292,5,1,1,-1.0,1,
-2.1112343579474655,-12.943567592079592,5,1,1,1.0,0,
-9.445690050250873,3.472742079303531,5,1,1,-1.0,1,
-13.141611765046044,13.57764957556063,5,1,1,-1.0,1,29_MAD
-13.170186337857137,13.605820469485232,5,-1,1,1.0,1,29_MAD
-15.065682040789985,16.846250136658526,5,1,1,1.0,0,29_MAD
-13.83050924329385,12.693739068504133,5,1,1,1.0,0,29_MAD
-15.870822991055952,14.98651995591669,5,1,1,1.0,0,29_MAD
-14.666635792863941,17.849519644952018,5,-1,-1,-1.0,3,29_MAD
-14.359209268784538,11.30669244248277,5,1,1,1.0,0,
-14.880143080427786,14.45963474600531,5,1,1,-1.0,1,29_MAD
-12.295950367956564,3.6754469790756628,5,1,1,-1.0,1,
-13.786048306541064,16.485210372826227,5,1,1,1.0,0,29_MAD
-12.592224450635108,18.62929217236253,5,1,1,1.0,0,29_MAD
-16.83370362538962,12.766784040165327,5,1,1,-1.0,1,
1.7436606576699132,-12.013779051704047,5,1,1,-1.0,1,33_MAD
-4.6179499801884445,-10.56444552384058,5,1,1,1.0,0,
-4.032781975488062,6.205046455502137,5,1,1,-1.0,1,29_MAD
3.379486435245838,-4.78977008323537,5,1,1,1.0,0,33_MAD
1.261153896846667,-7.66923268749983,5,1,1,1.0,0,
9.148221437451157,-10.919221734853886,5,1,1,1.0,0,33_MAD
-6.6518146167306575,-1.002443332682851,5,1,1,-1.0,1,
3.7734430264023193,0.8181360327437234,5,1,1,-1.0,1,33_MAD
2.3987388498155826,-12.63774859430756,5,1,1,-1.0,1,33_MAD
1.3887339480326615,-2.2590160643762083,5,1,1,-1.0,1,
3.377692746870884,11.430168981146531,5,1,1,-1.0,1,33_MAD
1.9905736050439735,-9.499195638258708,5,1,1,-1.0,1,33_MAD
9.323216706020245,2.572450063097836,5,1,1,-1.0,1,33_MAD
-0.8220404100600449,14.199043867499961,5,1,1,-1.0,1,
-5.575153501485604,11.014813639572026,5,1,1,1.0,0,
-3.927007816457364,-10.723358030635469,5,1,1,-1.0,1,14_MAD
-6.582565264647843,4.8725302482215875,5,1,1,1.0,0,
-9.230197596095469,-10.306786096934214,5,1,1,-1.0,1,14_MAD
-6.015044215885622,-17.38510949383899,5,1,1,-1.0,1,
8.146360814616346,8.696128418188984,5,1,1,-1.0,1,
8.035537939077182,-7.075966720520925,5,1,1,1.0,0,
-6.228905528067359,7.739732302780627,5,1,1,-1.0,1,
-3.3638171567343575,-9.669912976907055,5,-1,1,-1.0,2,
-0.5445419588019524,-8.265109650904956,5,1,1,-1.0,1,
4.834241868657552,-1.6244896686364447,5,-1,-1,-1.0,3,33_MAD
-3.592924571480077,-9.024289969810136,5,1,1,1.0,0,
-9.572078721547282,16.109875147920192,5,1,1,1.0,0,29_MAD
-12.556469430373928,6.134044638230409,5,1,1,-1.0,1,
2.0051565286880257,4.5577611151823705,5,1,1,-1.0,1,
-4.959979343765288,5.035724257544519,5,1,1,1.0,0,
1.3296894551406186,4.0549896973295585,5,1,1,-1.0,1,
-6.08488385825827,-4.369965929636382,5,1,1,-1.0,1,
-4.092102410994494,6.485576967187067,5,1,1,-1.0,1,
-0.4065375032872309,13.562407878203848,5,1,1,-1.0,1,
8.886699485863534,7.56501000540116,5,1,1,-1.0,1,
10.486449790351463,-3.5337884349438307,5,1,-1,1.0,1,
-1.9106030946541672,-7.295322681212436,5,1,1,-1.0,1,
-1.0244779815588723,13.604114520736555,5,1,1,-1.0,1,
-11.389255920077483,-2.4373136953158503,5,1,1,-1.0,1,29_MAD
-12.529106484086537,7.072681618456582,5,1,1,-1.0,1,29_MAD
-13.05654631458611,12.898033882734508,5,1,1,-1.0,1,29_MAD
-8.580348679355899,15.238548296798852,5,-1,-1,-1.0,3,
-13.938952754206909,13.528170676530564,5,1,1,-1.0,1,29_MAD
-13.897483281662918,11.854559101827348,5,1,1,-1.0,1,
-8.068936398408596,12.226409728412523,5,1,1,1.0,0,29_MAD
-16.684097049885608,14.038194279598699,5,1,1,-1.0,1,29_MAD
-6.4017911315058305,11.7221205847583,5,1,1,1.0,0,
-3.84269022573764,11.017139428313133,5,1,1,-1.0,1,
-14.622669377942966,10.854147575608948,5,1,1,-1.0,1,29_MAD
-14.860483601243413,12.205950837699218,5,1,1,-1.0,1,29_MAD
-5.296888802430754,11.869749982531912,5,1,1,1.0,0,
-8.677348120521804,4.609373669682935,5,1,1,-1.0,1,
3.3449251179386765,-8.724997477297437,5,1,1,-1.0,1,
12.427988756248089,-7.512133407362036,5,1,1,-1.0,1,
-0.017796323249263633,-11.056266684655293,5,1,1,-1.0,1,
-3.1363576421531154,-19.945611250210394,5,1,-1,-1.0,2,
0.6945387974690358,-7.606228274398654,5,-1,-1,-1.0,3,
7.721419069002632,-10.170668236589131,5,1,1,-1.0,1,
1.5412210574660856,0.45637868296949613,5,-1,-1,-1.0,3,
1.7290611183424625,-12.899586346450775,5,1,1,1.0,0,
7.931167698216747,-5.836159926645008,5,1,1,-1.0,1,
4.572445832985522,-11.492528517964557,5,1,1,-1.0,1,
-0.5446107664627359,-16.5252377917835,5,1,1,-1.0,1,
9.905386063433589,-6.088601308327352,5,1,1,1.0,0,
8.814113165095746,-11.412754989427569,5,1,1,1.0,0,
-5.710914773761176,8.730562563758586,5,1,1,-1.0,1,29_MAD
1.2833151649514554,3.204417153066905,5,1,1,1.0,0,29_MAD
8.079394071866512,8.660271391561649,5,1,1,-1.0,1,29_MAD
2.9152103836989265,1.7049277427828677,5,1,1,1.0,0,29_MAD 33_MAD
1.122719383195523,1.2824498024326654,5,1,1,1.0,0,29_MAD
-2.6193040206837273,-2.630902594616014,5,1,1,-1.0,1,29_MAD
2.1572728976714677,4.7930223705407675,5,1,1,-1.0,1,29_MAD
-3.688023456137533,5.3719674435094635,5,1,1,1.0,0,29_MAD
6.71714517802295,12.074896922547621,5,1,1,1.0,0,29_MAD
-8.393397134671815,12.767493725735159,5,1,1,1.0,0,29_MAD
-0.9160659555413467,10.028632241874265,5,1,1,1.0,0,29_MAD
1.5771033152492835,11.487580470331569,5,1,1,-1.0,1,29_MAD
-3.972454601156692,14.027017559921656,5,1,1,1.0,0,29_MAD
21.363409282417013,5.28834072232143,6,1,1,1.0,0,
17.16667412229075,-2.3892038535804554,6,-1,1,-1.0,2,
21.334214172345806,8.105430342580364,6,1,1,1.0,0,
18.006548608986556,3.4746864690099306,6,1,1,-1.0,1,
22.42665792819893,10.557022711114675,6,1,1,-1.0,1,
21.391645871059566,11.176554362227483,6,1,1,-1.0,1,
21.364599516229706,8.288250928735557,6,1,1,-1.0,1,
14.768498704377832,17.141873934715104,6,1,1,1.0,0,
21.696101362615874,7.175532369569597,6,1,1,1.0,0,
22.068796950778925,2.2351718602161563,6,1,1,1.0,0,
20.139077703066356,-4.68480451283987,6,-1,1,1.0,1,
24.502373123248613,1.268468052100691,6,1,1,-1.0,1,
18.068336861155977,-1.4116498040867778,6,1,-1,-1.0,2,
14.555750931893442,17.149466458402696,6,1,1,-1.0,1,
18.005018445488002,10.40258528054772,6,1,1,-1.0,1,
20.02451762971745,6.83291403152319,6,1,1,-1.0,1,
18.19738974059962,15.433832172360809,6,1,1,-1.0,1,
15.69800679423745,13.265298689059797,6,1,1,1.0,0,
23.703124227830802,5.465915525832899,6,1,1,-1.0,1,
18.4445213762986,13.382768594780398,6,1,1,1.0,0,
18.89753519749001,16.66120128842052,6,1,1,1.0,0,
17.329369797708164,15.881809551087976,6,1,1,1.0,0,
19.472355227498905,2.2586835606759106,6,1,1,-1.0,1,
17.478343210062718,13.751654533020188,6,1,1,-1.0,1,
9.930617770462423,21.577958025360633,6,1,1,-1.0,1,
14.565762814522166,15.624678607998165,6,1,1,-1.0,1,
18.382030937730423,15.156444890292642,6,1,1,-1.0,1,
14.974751181359371,15.318925748737213,6,1,1,1.0,0,
17.759393482510433,10.053908659042035,6,1,1,-1.0,1,
5.496344093581177,13.618673557804758,6,1,-1,-1.0,2,
14.124566070278405,16.926245630243745,6,1,1,1.0,0,
14.665725968533271,14.973887061014509,6,1,1,1.0,0,
19.179490186481686,11.189228389738068,6,1,1,1.0,0,
20.556019583551063,5.268877834532546,6,1,1,-1.0,1,
13.956910073864059,16.807830360496762,6,1,1,-1.0,1,
17.346165688871345,11.244051469036872,6,1,1,1.0,0,
17.111079709492095,17.60454639366482,6,1,1,-1.0,1,
14.958509624564659,15.661008288876676,6,1,1,-1.0,1,
20.823938540012463,10.946620909256126,6,1,1,1.0,0,
14.064809877778362,8.069075616568664,6,-1,-1,1.0,2,28_MAD
16.155830897473578,10.169817896300179,6,1,1,-1.0,1,
10.030236952005444,11.123882346058096,6,-1,-1,1.0,2,28_MAD
11.158537857972858,7.333530949211369,6,1,-1,-1.0,2,
19.396270472760584,12.7758690168138,6,1,1,-1.0,1,
16.8216778184096,8.039887863499175,6,1,1,1.0,0,
17.595207443944304,11.914184253540169,6,1,1,-1.0,1,
21.0690283233151,9.396822265234002,6,1,1,-1.0,1,
13.585228238190407,10.931203671436402,6,1,1,1.0,0,28_MAD
12.781669001706264,13.257778549387437,6,-1,1,1.0,1,28_MAD
20.86314046469909,11.227866380521434,6,1,1,1.0,0,
21.13584158932957,-3.9133492284074927,6,-1,-1,-1.0,3,
13.997305424826429,12.264683189189464,6,1,1,-1.0,1,
12.621627297330553,14.614155039093035,6,1,1,1.0,0,
13.096384307619571,17.26208898208784,6,1,1,1.0,0,
14.07750881632348,11.727287119749477,6,1,1,-1.0,1,
12.961413003779906,8.21819193555483,6,1,-1,-1.0,2,
12.772942255629092,15.168501611144585,6,1,-1,1.0,1,
18.35968102480382,12.398849627755414,6,1,1,1.0,0,
12.480028784119687,16.084391002878153,6,1,-1,1.0,1,
14.414350844642975,12.416708684909207,6,1,-1,-1.0,2,
17.712346425249635,6.109961400871295,6,-1,1,-1.0,2,
16.353836997407182,14.408602084250322,6,1,1,-1.0,1,
17.492664755765023,12.609139311471667,6,1,1,-1.0,1,
14.496016139738561,13.93148542848037,6,1,1,1.0,0,
16.78929224697959,12.707912210168944,6,1,1,-1.0,1,
19.302374939725265,13.877987016391257,6,1,1,-1.0,1,
17.31819575792538,13.773997472226219,6,1,1,1.0,0,
20.269932613138415,18.192902713474766,6,1,1,-1.0,1,
11.85573911976822,18.115207410651475,6,1,1,1.0,0,
15.433598802214764,14.769044640936807,6,1,1,-1.0,1,
17.535957780903896,8.709106673651027,6,1,1,-1.0,1,
15.198618397389234,15.790980039901044,6,-1,1,-1.0,2,58_MAD
17.945948578546076,15.647924208302559,6,1,1,1.0,0,
19.937139713324395,8.786831051079638,6,-1,-1,1.0,2,
15.20158257512644,16.86394182173365,6,1,1,-1.0,1,
23.094552085359837,10.52518187976202,6,1,1,-1.0,1,
18.23404647655182,8.139363660605817,6,1,1,-1.0,1,
9.084631470208253,21.021049775023847,6,1,-1,-1.0,2,28_MAD
8.063066979492103,19.788440215124638,6,-1,-1,-1.0,3,28_MAD
14.569601623562189,11.39047336878541,6,1,1,-1.0,1,28_MAD
11.167002831467341,18.489995852935653,6,1,1,1.0,0,
20.479031012102563,6.267162696940399,6,1,1,-1.0,1,
19.680265280238626,12.763800274340115,6,1,1,1.0,0,
13.873016653895734,15.07416640366389,6,1,-1,-1.0,2,58_MAD
11.250623737776442,17.273336530074292,6,-1,-1,-1.0,3,
19.00207925208986,18.395650283732706,6,1,1,1.0,0,
11.082453580396413,17.4408498643242,6,1,1,-1.0,1,28_MAD
13.27858764702149,17.026454991290127,6,1,1,-1.0,1,
18.83906977213023,2.365032786624921,6,1,1,-1.0,1,
17.413247199545413,16.203221967754388,6,1,1,1.0,0,
12.529073878291065,17.7478899299125,6,1,1,-1.0,1,
15.769613328398782,17.164655636550734,6,1,1,-1.0,1,
10.32991715780732,15.977350631375515,6,1,1,1.0,0,
15.311992959740305,16.458774765730062,6,1,1,-1.0,1,
9.667844237017551,17.120240606109338,6,1,1,-1.0,1,
17.429585871797375,16.011505913385577,6,1,1,1.0,0,
14.007426816038397,15.703892905914879,6,1,1,1.0,0,
13.241281084380773,15.12419137236008,6,1,1,1.0,0,
10.636220575942069,16.596477821079514,6,1,1,-1.0,1,
19.927229361368763,8.222094805118967,6,1,1,1.0,0,
16.55849235902222,11.851758359234115,6,1,1,-1.0,1,
15.6767390901037,16.124557081492032,6,1,1,-1.0,1,
15.906465021108561,16.54509634084109,6,1,1,1.0,0,
12.785958744179686,16.63534466552799,6,1,1,-1.0,1,
11.121720010187026,19.379996207517298,6,1,1,-1.0,1,
17.204064915850186,12.427651059118409,6,1,1,1.0,0,
18.888784293896116,6.023157983802887,6,1,1,1.0,0,
16.592468979693887,7.092878223152856,6,1,1,1.0,0,
15.344992207855958,12.437230590573643,6,1,1,-1.0,1,
17.282366169684742,8.042618437643045,6,1,1,-1.0,1,
19.79323276288258,11.13560261336048,6,1,1,-1.0,1,
23.701619760057635,7.619500330930367,6,1,1,-1.0,1,
17.74660167564101,12.007546026114287,6,1,1,-1.0,1,
13.62654399638376,12.120111747000042,6,1,1,1.0,0,
19.404806287194347,7.992701018459229,6,1,1,1.0,0,
15.092814137494534,15.890986041386947,6,1,1,-1.0,1,
5.380533396312442,19.602540601890613,6,-1,1,1.0,1,
17.9125364446127,13.464703857898101,6,1,1,-1.0,1,
17.809042111841674,12.420584374215444,6,1,1,1.0,0,
17.498242756143377,12.578730135681324,6,1,1,1.0,0,
13.793384586648145,14.098321789663894,6,1,1,1.0,0,28_MAD
15.59647600281455,11.469196687324358,6,1,1,1.0,0,
19.015447812900824,12.040526808629338,6,1,1,-1.0,1,
19.40187486680529,10.940341643033637,6,1,1,-1.0,1,
13.50791557524888,12.774965262479768,6,1,1,1.0,0,
15.258916478791997,11.097501734265055,6,1,1,1.0,0,
17.175309378268377,9.556569615275029,6,1,1,-1.0,1,
15.397615513051777,13.865282532142022,6,1,1,1.0,0,
16.517512142093135,11.59798070499861,6,1,1,1.0,0,
9.361808803362777,0.9045228700434174,6,-1,1,-1.0,2,28_MAD
10.840980476753971,2.7732337290821705,6,1,1,-1.0,1,
10.994861677849746,8.737049975433314,6,-1,-1,1.0,2,38_MAD
11.985111731757359,8.99006179413153,6,1,1,1.0,0,
16.84730861357481,11.89034235885648,6,1,1,-1.0,1,
13.09773238893409,11.172219997868455,6,1,1,-1.0,1,28_MAD
13.694095533786651,11.25473582269204,6,1,1,1.0,0,28_MAD
14.906171188691472,11.224315271616652,6,1,1,-1.0,1,
13.844934294789716,4.308736065564226,6,1,1,1.0,0,
16.696926925306265,4.7311768226532145,6,-1,1,-1.0,2,
11.775335511511317,1.8104351909974477,6,1,1,-1.0,1,
11.429254955019088,7.65649549808501,6,-1,-1,-1.0,3,28_MAD
10.420085854384041,14.49170645749326,6,1,1,-1.0,1,28_MAD 38_MAD
11.702695404177078,18.56944510364055,6,1,1,-1.0,1,
9.788656988760012,19.850944112996604,6,1,1,-1.0,1,
11.263759713917603,19.74791891518938,6,1,1,-1.0,1,
13.175930495393457,15.770326015598185,6,1,1,1.0,0,
10.53797443666708,24.77634323424373,6,1,1,-1.0,1,
16.242453739866555,16.114998663119422,6,1,1,-1.0,1,
10.622581471507175,20.209833921101836,6,-1,1,-1.0,2,
17.125948540995715,15.543506292232657,6,1,1,-1.0,1,
14.460528460142509,20.703918552746742,6,1,1,1.0,0,
14.132732896605852,17.97564935184319,6,1,1,-1.0,1,
14.665267194719341,18.65544386454858,6,1,1,-1.0,1,
17.03061805487757,17.167207275362156,6,1,1,-1.0,1,
18.41228759598101,13.480830906639463,6,1,1,1.0,0,
6.5929613991405995,-4.520901700317552,6,-1,-1,-1.0,3,28_MAD
15.29773768172235,4.407029188062121,6,1,1,1.0,0,
19.125021532393195,-4.63620332987692,6,-1,-1,1.0,2,
17.239126082310122,7.276147777256286,6,1,1,-1.0,1,
15.882121612985756,2.3829747093318643,6,1,1,1.0,0,
21.31810660153853,6.956039111325755,6,1,1,-1.0,1,
21.934607226997823,1.4990373186393404,6,1,1,-1.0,1,
17.3041995670443,6.916310926024217,6,1,1,1.0,0,
15.607802627687096,6.381940232666302,6,1,1,1.0,0,
14.401150946053296,1.8583230714533578,6,1,1,1.0,0,
19.187863067784413,6.8433632306658305,6,1,1,-1.0,1,
17.867309867710546,-1.833127304058881,6,1,1,-1.0,1,
21.155068243783422,-1.8241871225530115,6,1,1,1.0,0,
20.42080096087157,11.349754715303735,6,1,1,-1.0,1,
15.968989690141166,15.208597335915156,6,1,1,-1.0,1,
21.568301309041622,12.571208093244179,6,1,1,-1.0,1,
16.058351453092268,16.048720601471054,6,1,1,-1.0,1,
19.620841585746764,13.14297996799979,6,1,1,-1.0,1,
20.808552487200526,7.681943663925748,6,1,1,-1.0,1,
17.608164926342916,11.895755915206683,6,1,1,1.0,0,
13.135699637528495,21.842967980811633,6,1,1,-1.0,1,
22.85171559931338,10.054289153387462,6,1,1,1.0,0,
24.113804388710573,6.08925807852309,6,1,1,-1.0,1,
17.548819849521095,14.47892221205744,6,1,1,-1.0,1,
24.435175187903155,0.5794445479804459,6,1,1,-1.0,1,
15.891464961031621,17.010222736100634,6,1,1,-1.0,1,
-2.9526102273532593,-21.071663177937708,7,1,1,1.0,0,50_MAD
5.616054409710553,-12.926353326567101,7,1,1,-1.0,1,45_MAD
4.775850151704317,-5.18139176989551,7,-1,1,1.0,1,22_MAD 45_MAD
5.663814894235113,-10.36867840564483,7,1,1,1.0,0,
-3.564101451535375,-18.920434648388106,7,1,1,-1.0,1,50_MAD
6.897604382173851,-13.321297199802807,7,1,1,-1.0,1,22_MAD
4.770003837912093,-11.743511585545246,7,1,1,-1.0,1,45_MAD
1.337283690945208,-19.623354532131632,7,1,1,-1.0,1,
6.524913937793563,-3.714419246427969,7,1,1,-1.0,1,22_MAD 45_MAD
-0.15722347191060868,-17.46498195889231,7,1,1,-1.0,1,45_MAD
3.681961610128801,-11.339715383000529,7,1,1,-1.0,1,
2.3697417806097905,-17.65790924508179,7,1,1,-1.0,1,
0.2903302223155239,-15.946154125108993,7,1,1,-1.0,1,
1.0696361615657737,-17.975348511880252,7,1,1,-1.0,1,
4.874821072853765,-20.399255172914156,7,1,1,-1.0,1,
3.8598260853446797,-19.63398942516527,7,1,1,-1.0,1,
0.12649339009930727,-20.005064942464823,7,1,1,-1.0,1,22_MAD
-2.228876932155022,-19.540604928697018,7,1,1,-1.0,1,
0.7731887543294536,-22.194301541655644,7,1,1,-1.0,1,
8.919394641544361,-21.08008755294637,7,1,1,1.0,0,2_MAD 50_MAD
1.1310831311588603,-23.618720318499154,7,1,1,-1.0,1,22_MAD
5.716249803793894,-19.764619133155264,7,1,1,-1.0,1,
-1.6468184575973797,-21.757255695359117,7,1,1,-1.0,1,
-0.20447638696681764,-20.879020450568287,7,1,1,-1.0,1,50_MAD
5.522116892317328,-20.46994039127599,7,1,1,-1.0,1,
-5.703662355271601,-22.3531065816289,7,1,1,-1.0,1,22_MAD
1.0691734434844269,-17.769300964411045,7,1,1,-1.0,1,
7.5019650633307915,-14.391053856891299,7,1,1,-1.0,1,22_MAD 45_MAD
-4.225834267805289,-17.72646752922346,7,1,1,-1.0,1,
1.3544110689365123,-13.720555237372025,7,1,1,1.0,0,45_MAD
-5.252830276611982,-19.55212040512299,7,1,1,-1.0,1,22_MAD
1.8903489650527268,-16.651457213375895,7,1,1,-1.0,1,22_MAD
2.6392877676290407,-14.252633641545312,7,1,1,-1.0,1,45_MAD
0.9626823600961916,-14.203652299124082,7,1,1,-1.0,1,45_MAD
-1.975213679413177,-17.410001591160984,7,1,1,1.0,0,
4.368949455513489,-17.017373034238933,7,1,1,-1.0,1,45_MAD
0.14635994342494374,-15.997469339539117,7,1,1,-1.0,1,45_MAD
5.177523789677046,-11.913570352289053,7,1,1,-1.0,1,
2.55474266763314,-8.562384093198842,7,1,1,1.0,0,18_MAD 22_MAD
3.3755264279667068,-5.469840547390595,7,1,1,-1.0,1,22_MAD
6.249955331460095,-4.7004261748013025,7,-1,1,-1.0,2,18_MAD 22_MAD
7.198325241269666,-1.9155178040787109,7,1,1,1.0,0,18_MAD 22_MAD
-4.353580113753548,-16.59849470987918,7,1,-1,-1.0,2,18_MAD
2.5306826344032953,-7.108176924673369,7,1,1,-1.0,1,22_MAD
6.175889983046535,-0.6414301575268911,7,-1,-1,-1.0,3,22_MAD
8.836523655620418,0.6879797338596594,7,-1,-1,1.0,2,22_MAD
-5.2818753522090525,-14.130114670693729,7,1,1,-1.0,1,22_MAD
-1.5471379088884993,-2.2869422683374534,7,-1,-1,-1.0,3,18_MAD
4.825387451545018,-6.231757493632093,7,-1,1,-1.0,2,22_MAD
2.872954721569997,-2.3173482044306657,7,-1,1,1.0,1,18_MAD 22_MAD
-1.3899065480289827,-11.221809134324868,7,1,1,1.0,0,18_MAD
-5.834972993516829,-18.471900797298357,7,1,-1,-1.0,2,22_MAD 50_MAD
-7.220512241623811,-22.229510348133754,7,1,1,-1.0,1,
-2.4598911329952164,-16.001150131567435,7,1,1,-1.0,1,22_MAD
3.773950797303022,-16.611094069444142,7,1,1,1.0,0,
-4.313771509306225,-20.186236622825113,7,1,1,-1.0,1,
-5.74400580106889,-16.638529127596037,7,1,1,1.0,0,50_MAD
-1.3909034637081954,-19.313624979632532,7,1,1,1.0,0,
-5.482643085397777,-20.93111497541513,7,1,1,-1.0,1,
-2.0924904818598344,-20.900113327939223,7,1,1,1.0,0,
2.683156434187997,-19.362925636017728,7,1,1,-1.0,1,
-4.633900190865697,-20.40869430930355,7,1,1,-1.0,1,
-2.963503786638265,-17.46822062160313,7,1,1,-1.0,1,50_MAD
-6.376995106752767,-22.2170885897211,7,1,1,-1.0,1,
-1.5776129449797651,-17.667419956633292,7,1,1,-1.0,1,
2.1292671171977715,-18.913568385712267,7,1,1,-1.0,1,
4.01983392816579,-12.867676202181283,7,-1,-1,1.0,2,22_MAD 45_MAD
14.607362621375014,-7.226097634481322,7,-1,-1,-1.0,3,22_MAD 45_MAD
7.9768223371061575,-8.36895424588594,7,-1,-1,1.0,2,22_MAD 45_MAD
4.126529615071292,-16.21283928307168,7,1,1,-1.0,1,
0.5618608900512885,-17.039990253662076,7,1,1,-1.0,1,
3.7826704848020993,-13.539421521835076,7,1,1,-1.0,1,
9.777771379792696,-9.908223914585841,7,-1,-1,-1.0,3,22_MAD 45_MAD
7.72375950572052,-14.598647432983343,7,1,1,-1.0,1,22_MAD
5.711416588181345,-12.492238754943529,7,1,1,-1.0,1,22_MAD
12.698176144902693,-8.23195350835839,7,1,1,1.0,0,22_MAD 45_MAD
-2.3874791298021254,-19.877704530379997,7,1,1,-1.0,1,
-2.3424965940704285,-16.213852540841557,7,1,1,-1.0,1,45_MAD
-2.8875822338875623,-21.299050599060493,7,1,1,-1.0,1,
-6.827539204804936,-22.781972844145724,7,1,1,-1.0,1,
-8.153813308885663,-18.074430119087108,7,1,1,-1.0,1,50_MAD
-3.1388011325364493,-17.060257737828625,7,1,1,-1.0,1,45_MAD
2.80461088263513,-16.460693506455083,7,1,1,-1.0,1,50_MAD
-7.399616887347919,-20.60732145539436,7,1,1,-1.0,1,
-5.245856556427749,-18.70057893518801,7,1,1,-1.0,1,
0.7988220913871045,-17.359180227424165,7,1,1,-1.0,1,22_MAD
-1.1998043830514609,-21.257689510992673,7,1,1,1.0,0,
-0.007870831540090701,-18.59193885927399,7,1,1,-1.0,1,45_MAD
-2.313180140867838,-19.237702963524235,7,1,1,-1.0,1,45_MAD
-7.840268185219046,-20.161967066825085,7,1,1,-1.0,1,
5.1799008085682905,-8.546854277915976,7,1,1,1.0,0,18_MAD 45_MAD
-3.1094160473007193,-13.925374338657821,7,1,1,-1.0,1,18_MAD 45_MAD
0.33669839158939685,-13.093895984085005,7,1,1,1.0,0,18_MAD 45_MAD
3.5243662675873537,-14.776200856280619,7,1,1,-1.0,1,18_MAD 45_MAD
2.806768945755175,-12.750385706945696,7,1,1,-1.0,1,45_MAD
2.4103204294309437,-12.667063110234908,7,1,1,-1.0,1,18_MAD 45_MAD
0.5602899469529132,-14.026621100631761,7,1,1,1.0,0,18_MAD 45_MAD
-2.5643560068002254,-17.736462429143003,7,1,1,1.0,0,45_MAD
5.356475631850545,-14.121162127649718,7,1,1,-1.0,1,45_MAD
3.260363472527173,-12.337376554792305,7,1,1,-1.0,1,18_MAD 45_MAD
-1.453472868935408,-14.990382500995223,7,1,1,-1.0,1,18_MAD 45_MAD
1.292673536626827,-14.239013189353642,7,1,1,-1.0,1,18_MAD 45_MAD
-5.360000266334727,-18.29215800778873,7,1,1,-1.0,1,
-0.036645020813547216,-15.99843120389784,7,1,1,1.0,0,
-1.2611140386057997,-14.464137093139286,7,1,1,1.0,0,
-4.963265678499383,-15.269586986078302,7,1,1,-1.0,1,45_MAD 50_MAD
-3.028274334767886,-14.764674886344654,7,1,1,1.0,0,18_MAD
-5.550634535922692,-15.176882431735274,7,1,1,1.0,0,
-3.807212879049864,-19.7546122101085,7,-1,-1,1.0,2,50_MAD
-4.513104215484978,-15.942552209586532,7,1,1,-1.0,1,18_MAD 50_MAD
2.2960897537581757,-15.305811467502185,7,-1,-1,-1.0,3,18_MAD 45_MAD 50_MAD
1.4572953136217723,-15.78704772713395,7,1,1,-1.0,1,45_MAD
-7.7405804891869865,-19.549721526289773,7,1,1,-1.0,1,
-2.1813157252141715,-14.924974673284336,7,1,1,-1.0,1,18_MAD
-7.420790482427957,-18.120513096014783,7,1,1,-1.0,1,18_MAD
-7.031391122074766,-18.98347045381982,7,1,1,-1.0,1,50_MAD
-1.4078456469258223,-17.03241426624669,7,1,1,-1.0,1,
-0.5697674462543506,-15.907760448655127,7,1,1,-1.0,1,22_MAD
-5.910494804513168,-16.713089808781515,7,1,1,-1.0,1,50_MAD
-6.02521231968066,-20.00758333269911,7,1,1,1.0,0,50_MAD
-1.7574910642915944,-20.585787906570395,7,1,1,-1.0,1,
-4.322451467595439,-19.020571008259594,7,1,1,-1.0,1,
-7.951656726216728,-17.0710722256504,7,1,1,1.0,0,50_MAD
-2.664581019623592,-16.996979860626364,7,1,1,-1.0,1,
-2.2403207443362634,-18.722691787544406,7,1,1,1.0,0,
-8.872220866552702,-17.090592213197272,7,1,1,-1.0,1,50_MAD
-0.7588593754795925,-18.782271997918457,7,1,1,-1.0,1,22_MAD
-7.518990345774462,-21.254679616839944,7,1,-1,-1.0,2,22_MAD
-4.616031435795815,-18.496830840161362,7,1,1,-1.0,1,2_MAD 50_MAD
-8.852995977632807,-17.23289411753441,7,1,1,1.0,0,
-12.692052023176968,-18.401098399181983,7,1,1,-1.0,1,
-9.11697423129641,-13.020167727771902,7,1,1,-1.0,1,
-12.694690749424126,-16.017960861474243,7,1,1,-1.0,1,
-10.049213085278165,-19.16230887042421,7,1,1,-1.0,1,
-6.327346131922137,-19.13061374102417,7,1,1,-1.0,1,50_MAD
-8.377340890751487,-20.506477077712436,7,1,1,1.0,0,
-1.483676007850133,-18.481704400008137,7,1,1,1.0,0,
0.027423653999831123,-15.413954164938733,7,1,1,1.0,0,
-2.77986094989738,-17.484627224658574,7,1,1,-1.0,1,50_MAD
0.6803913713859628,-15.003680073196524,7,1,1,-1.0,1,
-6.6578282531009485,-18.241703621951647,7,1,1,1.0,0,
5.863025373925107,-10.893121043736494,7,1,1,-1.0,1,18_MAD 45_MAD
1.6868668163697769,-10.390239711385718,7,1,1,-1.0,1,18_MAD 45_MAD
2.472430234988628,-12.897146341666609,7,1,1,-1.0,1,18_MAD 45_MAD
-3.029883626993797,-14.836629878761064,7,1,1,-1.0,1,18_MAD 45_MAD
5.507648391171361,-9.544070945500538,7,1,1,1.0,0,18_MAD 45_MAD
6.305113027162623,-11.251338005667934,7,1,1,-1.0,1,22_MAD 45_MAD
-0.8655753276917247,-16.78595351247924,7,1,1,-1.0,1,45_MAD
-4.611773641006855,-11.188429349208127,7,1,1,1.0,0,18_MAD
-1.5016858569859823,-13.593787951542101,7,1,1,-1.0,1,45_MAD
-2.3534715468990046,-11.734061236011287,7,1,1,-1.0,1,18_MAD
1.7155063503123695,-8.332537137071586,7,1,1,-1.0,1,18_MAD 45_MAD
-0.41410557261851155,-13.054197321209415,7,1,1,-1.0,1,
2.4155761374903286,-10.427785429642533,7,1,1,-1.0,1,18_MAD 45_MAD
-7.210672933462529,-18.742867427237687,7,-1,-1,-1.0,3,50_MAD
-8.076770907007301,-21.42453587141727,7,1,1,-1.0,1,50_MAD
0.17640468157404368,-17.894925429659395,7,1,1,1.0,0,50_MAD
-3.234614195671904,-14.721350965695475,7,1,1,-1.0,1,50_MAD
6.394902862643929,-8.018311037813598,7,-1,-1,1.0,2,2_MAD 50_MAD
-7.090067484707175,-16.889075333538507,7,1,1,-1.0,1,50_MAD
0.014926634420441905,-17.88447596749535,7,1,1,-1.0,1,50_MAD
1.5448635798126629,-14.144622670038277,7,-1,1,1.0,1,50_MAD
-9.182537831000333,-15.87618126229529,7,-1,-1,1.0,2,2_MAD 50_MAD
8.591492369354947,-18.300168665966336,7,1,1,1.0,0,
4.512886185858109,-19.188302208615475,7,1,1,-1.0,1,50_MAD
-2.214894855622022,-13.303961930967413,7,-1,-1,-1.0,3,50_MAD
-3.035678071212659,-21.76840034873027,7,1,1,-1.0,1,
8.700764790276745,-13.273431442670468,7,1,1,1.0,0,45_MAD
-0.022926195375960478,-23.097495812247594,7,1,1,-1.0,1,
4.665306398954661,-14.435904161841373,7,1,-1,-1.0,2,45_MAD
3.7578000332207577,-15.899133831304594,7,1,1,-1.0,1,45_MAD
4.502782721320253,-18.10334862548718,7,1,1,1.0,0,
4.254975247813573,-17.293417171227343,7,1,-1,-1.0,2,45_MAD
11.014501056951106,-15.774928757757447,7,1,1,-1.0,1,
12.668021832289662,-18.97902162804538,7,1,1,-1.0,1,
-0.6329848496697821,-20.79912106134085,7,1,1,-1.0,1,
-3.123061950542534,-23.70671337985554,7,1,1,-1.0,1,
3.3489921593409364,-19.373978772607284,7,1,1,1.0,0,
3.8867307259177917,-18.74727727180858,7,1,1,-1.0,1,
-5.255135570493427,1.1833611243285278,8,1,1,1.0,0,
-2.845153390108097,-14.289641307163347,8,1,1,1.0,0,
0.44473915183331914,-7.381745359315194,8,1,1,-1.0,1,
-0.018037760857531043,-11.679005053914238,8,-1,1,-1.0,2,14_MAD
-4.388878751804639,-10.773907198435229,8,1,1,-1.0,1,
1.672886672565844,-9.991357385216425,8,1,1,-1.0,1,
2.7498084718287252,-11.291075694394305,8,1,1,-1.0,1,9_MAD
3.115040892833301,-10.382008122810559,8,1,1,-1.0,1,9_MAD
3.6108457319717076,-11.30637982704608,8,1,1,1.0,0,
0.04990798390293772,-18.76892398812113,8,1,1,1.0,0,
-3.652215575698236,-14.980892479426917,8,1,1,1.0,0,
1.7710589298353945,-10.770883164498638,8,1,1,1.0,0,
4.319654884997898,-15.587818032939174,8,1,1,1.0,0,
1.2114572966106034,-5.26010575465133,8,1,1,1.0,0,
4.209084459012548,-0.2165562390372045,8,1,1,1.0,0,
7.173264006917935,-12.268854238732569,8,1,1,1.0,0,
3.6541944830175797,-6.80263807605693,8,1,1,1.0,0,
4.045922285583355,-12.538546116607458,8,1,1,-1.0,1,
-5.0921487828020195,-0.9687010781122778,8,1,1,-1.0,1,
-0.08283377332314448,-14.783641987174848,8,1,1,1.0,0,
1.7911032086334233,2.965319320786,8,1,1,-1.0,1,
5.424010289981998,-15.770557819183514,8,1,1,-1.0,1,
1.3570490788330418,-7.545321172481738,8,1,1,-1.0,1,
-0.3703647991513596,-8.034039448721288,8,1,1,1.0,0,
-1.7645986398355138,-2.87750042465731,8,1,1,-1.0,1,
5.271745919442046,-5.364029806590168,8,1,1,-1.0,1,
-6.672937460059348,1.7017179300035967,8,1,1,1.0,0,17_MAD
1.7501579306988568,-9.222309043602245,8,1,1,1.0,0,
7.058232707553316,-7.670885332796624,8,1,1,1.0,0,14_MAD
-2.651167856004512,-1.774031470331524,8,1,1,1.0,0,14_MAD 22_MAD
-1.0875958287576644,-1.7525075935372716,8,1,1,1.0,0,14_MAD 17_MAD 22_MAD
-8.132996890082055,4.39108740102277,8,1,1,-1.0,1,17_MAD
-4.804953394100731,4.520714906754399,8,1,1,1.0,0,17_MAD 9_MAD
1.9409822856423362,-4.446143003011495,8,1,1,-1.0,1,14_MAD 17_MAD
-7.0340244760978345,1.1465397716680963,8,1,1,-1.0,1,17_MAD
-6.873205448148681,8.282635203249166,8,1,1,-1.0,1,17_MAD 9_MAD
-4.9298997742389545,1.7271444576925266,8,1,1,-1.0,1,14_MAD 22_MAD
3.419800227967278,-11.957624139532157,8,1,1,-1.0,1,14_MAD
0.13680099153046052,-1.0727058209480844,8,1,1,1.0,0,14_MAD 22_MAD 37_MAD
-3.7646675623571264,-8.223712755970826,8,1,1,1.0,0,
5.089397425463314,6.873427811452913,8,1,1,-1.0,1,17_MAD
-4.829477318326062,1.5331173716022433,8,1,1,-1.0,1,
-5.494206948428183,-1.860306792400626,8,1,1,-1.0,1,
-7.016320041812823,2.6232265780101507,8,1,1,-1.0,1,22_MAD 37_MAD
-6.8380820244402445,-3.5238677738535893,8,1,1,-1.0,1,14_MAD
-2.297463543005198,9.16469193813822,8,1,1,-1.0,1,
-1.47859087655204,8.146614643916545,8,1,1,-1.0,1,17_MAD 37_MAD 9_MAD
-2.5291196640991966,-4.043929503247273,8,1,1,-1.0,1,
0.6017288060281037,-9.411150506902644,8,1,1,1.0,0,14_MAD 22_MAD
-5.925325463456831,8.747884080803882,8,1,1,-1.0,1,22_MAD 37_MAD
-7.9409049436239645,-2.253705548097533,8,1,1,-1.0,1,
3.5528526857318687,-7.979547976274203,8,1,1,1.0,0,
3.841512396561763,-2.8594966897882332,8,1,1,-1.0,1,
-3.8268177079327557,-2.1794499709313944,8,1,1,-1.0,1,
6.016915454520675,-1.6240033893562713,8,1,1,-1.0,1,
0.32653268555967585,-5.745001125439241,8,1,1,-1.0,1,
3.217886392843584,0.23374315878406476,8,1,1,1.0,0,
1.0524915403518618,-1.1785629079413165,8,1,1,-1.0,1,
2.344744293986516,-6.219029287414681,8,1,1,-1.0,1,
6.518635277852483,-2.3785397545473996,8,1,1,1.0,0,14_MAD 22_MAD
2.098583990365178,-1.5506731024743057,8,1,1,1.0,0,14_MAD
3.65095100201897,-10.383488438537928,8,1,1,1.0,0,
2.4302078134448934,-6.71474580626936,8,1,1,1.0,0,
5.715084831378678,-6.5609212439653675,8,1,1,-1.0,1,14_MAD
-5.899131473938386,1.2193586831619028,8,1,1,-1.0,1,
-1.2591904857765581,3.8123760959603152,8,1,1,1.0,0,9_MAD
-3.2391467775665492,3.4862467421037646,8,1,1,-1.0,1,
-3.625460935444126,-2.533777445402094,8,1,1,-1.0,1,17_MAD 9_MAD
-3.6848852741355365,0.10035981967108498,8,1,1,-1.0,1,17_MAD 9_MAD
-0.5287961940951229,-6.227603500019834,8,1,1,-1.0,1,17_MAD
-3.391964554309071,1.7823351636343288,8,1,1,-1.0,1,17_MAD 9_MAD
0.34971122604528526,-8.656995446916955,8,1,1,-1.0,1,17_MAD 9_MAD
10.127258560718817,-9.451701299515946,8,1,1,1.0,0,14_MAD
-2.6797647772590336,4.838229081993147,8,1,1,1.0,0,17_MAD 9_MAD
7.233964448280674,-4.73202424942483,8,1,1,-1.0,1,17_MAD
-0.9986082575957496,4.70383736735972,8,1,1,1.0,0,
3.547459738843936,-3.6053688765494596,8,1,1,-1.0,1,17_MAD
4.304374014924644,0.968219717225206,8,-1,-1,-1.0,3,17_MAD 9_MAD
8.312680364735611,-3.8298711425024794,8,1,-1,-1.0,2,
10.317811290461302,-8.001404271908923,8,1,1,-1.0,1,
-5.758095723747678,1.4352479194462893,8,1,1,1.0,0,37_MAD
-5.560024327716707,3.310404833246143,8,1,1,-1.0,1,
0.9756544392142156,5.0165314766,8,1,1,1.0,0,
-6.117853116576365,-6.860556710636369,8,1,1,-1.0,1,
2.0012758793767724,-3.6645047897701093,8,1,-1,-1.0,2,
-1.5949313071286815,-5.4914012371215986,8,1,1,-1.0,1,17_MAD
-1.718081450488936,-3.5362210976384083,8,1,1,-1.0,1,14_MAD 17_MAD 37_MAD
0.15382346238358255,7.706171782879903,8,-1,-1,-1.0,3,37_MAD
1.0436626021732596,-4.349840158738158,8,1,1,-1.0,1,17_MAD
10.424772154402064,-6.834302909479492,8,-1,-1,-1.0,3,
-8.953978765114577,5.007213674815306,8,1,1,-1.0,1,9_MAD
-9.52621955551049,0.8759655537635131,8,1,1,1.0,0,9_MAD
-7.196982936257056,3.9042364364877358,8,1,1,-1.0,1,9_MAD
-11.398778238356279,5.161200686135957,8,1,1,-1.0,1,9_MAD
-6.4979023811081,-1.722827096804824,8,1,1,-1.0,1,
-11.536336472770016,3.8371001790581767,8,1,1,1.0,0,17_MAD 9_MAD
-8.743576458031631,6.152350032035469,8,1,1,-1.0,1,9_MAD
-6.427619320230178,4.911537998355739,8,1,1,-1.0,1,
-7.81306100177615,7.408439939261373,8,1,1,-1.0,1,17_MAD 9_MAD
-9.106999440740706,0.97379638072097,8,1,1,-1.0,1,
-11.758288415703516,4.732810660040974,8,1,1,-1.0,1,9_MAD
1.5303670705129417,-3.9164979599740564,8,1,-1,-1.0,2,
-11.211000669482493,-15.329801658973164,8,1,1,1.0,0,14_MAD
-8.307287505373582,0.709365208081841,8,-1,1,1.0,1,9_MAD
-4.517082044775084,-0.5764492141414725,8,1,1,-1.0,1,9_MAD
-3.8354103655318754,-6.4894200709237815,8,1,1,-1.0,1,22_MAD
-9.45064436712274,-17.4036312614143,8,1,1,-1.0,1,14_MAD
-10.212181382837358,-2.419568223899945,8,1,1,1.0,0,
-6.421844442664544,-3.7735817907124116,8,1,1,1.0,0,22_MAD
-5.16062221914721,-9.980802383872899,8,1,1,1.0,0,9_MAD
-5.994880136158697,-5.448798536116306,8,-1,-1,1.0,2,
-8.508922849310634,-5.2806513983774,8,-1,-1,1.0,2,14_MAD
-0.39515779058707473,-11.840691630484976,8,-1,-1,1.0,2,22_MAD
-4.342969296990153,-7.0032830823192445,8,-1,1,1.0,1,
-12.037015473496796,2.3419468588406906,8,-1,-1,1.0,2,17_MAD 9_MAD
0.03060214355645485,-8.904061530449829,8,1,1,-1.0,1,9_MAD
-3.238281854815168,-16.090283408569423,8,1,1,-1.0,1,9_MAD
-4.381190019078091,-7.941969993500556,8,-1,-1,-1.0,3,17_MAD 9_MAD
-3.163218324209423,-10.301327505019897,8,-1,1,-1.0,2,
-2.293669681465431,-13.506463067299975,8,1,1,-1.0,1,17_MAD 9_MAD
-8.880074341603414,-16.228105560214605,8,1,1,-1.0,1,9_MAD
-10.506755667814275,-14.775112066788186,8,1,1,-1.0,1,
-1.353264401038779,-5.599846147843772,8,-1,-1,1.0,2,17_MAD 9_MAD
1.0021589933973596,-17.334198067312066,8,1,1,1.0,0,
-4.191918170409357,-12.911403836729438,8,1,1,1.0,0,
-5.248746187946624,-17.6365392845467,8,1,1,1.0,0,
-4.557976232351283,-13.067932606250247,8,1,1,1.0,0,
2.7306933584340003,-10.009895594877902,8,1,1,1.0,0,17_MAD 9_MAD
1.672716242289122,-13.345559415070424,8,1,1,-1.0,1,17_MAD 9_MAD
2.8216126619522055,-13.781624125289802,8,1,1,1.0,0,
-1.5214997358128033,-14.960019464933746,8,1,1,1.0,0,
2.818059686837909,-14.025580153582439,8,1,1,-1.0,1,
-0.7543201602100321,-13.31510826476316,8,1,1,1.0,0,17_MAD 9_MAD
3.029972508060282,-6.703588538100982,8,1,1,-1.0,1,
-6.6908178579617665,-16.438901973212765,8,1,1,-1.0,1,
-7.861005084870093,-12.760313271183525,8,1,1,-1.0,1,
4.922681010803878,-18.102513837676668,8,1,1,-1.0,1,
3.6663970696464583,-10.91097250686277,8,1,1,-1.0,1,17_MAD 9_MAD
-3.450956420488684,-11.679318136750586,8,1,1,-1.0,1,
-12.493530105022025,4.092321061842932,8,1,1,-1.0,1,37_MAD
-7.995308458671932,-0.22705541212084615,8,1,1,-1.0,1,14_MAD 17_MAD 37_MAD
-8.448561469528745,0.6648559107381022,8,1,1,1.0,0,17_MAD 37_MAD
-4.080119047168528,4.617415373879114,8,1,1,-1.0,1,14_MAD 22_MAD
-7.086084246824179,2.575194493417124,8,1,1,1.0,0,14_MAD 22_MAD
4.223121117838577,5.102031406746943,8,1,-1,-1.0,2,37_MAD
-7.091916501183625,0.16961513342266246,8,1,1,-1.0,1,22_MAD 37_MAD
-5.714447783063538,-0.9391819864969482,8,1,1,-1.0,1,14_MAD 22_MAD
-0.8022446429529418,2.136168760616049,8,1,1,-1.0,1,14_MAD 22_MAD 37_MAD
1.3408646200207468,-1.4568963874433931,8,1,1,1.0,0,14_MAD
-3.4225209983698415,-8.750674799768547,8,1,1,1.0,0,14_MAD
2.9345802498262454,-7.6332059541247785,8,1,1,-1.0,1,14_MAD 22_MAD
-0.2383206872519306,-3.711892532872489,8,1,1,-1.0,1,22_MAD
9.865132912234273,-5.5687289065331536,8,-1,-1,-1.0,3,
2.4806763908936045,-5.391627311376929,8,-1,-1,-1.0,3,
15.11405618803181,-6.613649955798705,8,-1,-1,-1.0,3,
3.8529045367790133,0.4105014054938139,8,1,1,-1.0,1,
2.6581219799123588,-9.687776742068694,8,1,1,1.0,0,17_MAD 9_MAD
2.613559372881685,-7.799125600576013,8,1,1,-1.0,1,
7.78617794874617,-0.9131155185806109,8,1,1,1.0,0,
8.807145338575605,-9.2272503089716,8,1,1,1.0,0,
9.607123258526011,-11.4851560940376,8,1,-1,1.0,1,
-10.378171886396872,-3.2515194652043156,8,1,1,-1.0,1,
-0.7809229738883003,-9.767272120613352,8,-1,-1,1.0,2,9_MAD
-5.23550669581367,-0.7839909704258556,8,1,1,1.0,0,
0.4379068294903727,5.283831823969365,8,1,1,1.0,0,
-0.6220587930216835,-9.238994435383406,8,1,1,-1.0,1,9_MAD
-6.7653582807139845,-11.749646662589265,8,1,1,1.0,0,14_MAD 9_MAD
-0.1698494912003426,-1.4959641138954511,8,1,1,-1.0,1,
0.1923215249021485,-12.032704830266196,8,1,1,-1.0,1,14_MAD
0.30471045477098635,-0.5014218769436564,8,-1,1,-1.0,2,
3.553324887956873,-17.972234155092494,8,1,1,-1.0,1,14_MAD
0.13467113797702615,-18.64726004435587,8,1,1,1.0,0,
10.801283244785445,-6.96025276826203,8,1,1,-1.0,1,
-0.3443913581467762,6.365548768109983,8,1,1,-1.0,1,
-5.480200303297034,8.076326667324395,9,1,-1,1.0,1,34_MAD
-13.771357440628995,8.846405011856863,9,1,1,1.0,0,
-14.534226363098318,9.432623444509048,9,1,1,1.0,0,
-13.63044697640895,7.370621496786756,9,1,1,1.0,0,
-13.375007875826913,9.993783147772,9,1,-1,-1.0,2,
-20.743857773559775,12.822922000444155,9,1,1,1.0,0,9_MAD
-7.711833585592259,-19.18783905690383,9,-1,-1,1.0,2,
-18.424396863013932,11.80183147440912,9,1,1,1.0,0,
-20.175480701922584,12.00242911175301,9,1,1,-1.0,1,
-16.43777786892326,11.554030418985878,9,1,1,1.0,0,
-11.928592176858588,11.517819074904954,9,1,1,1.0,0,
-16.19128579523717,-0.5197888028644951,9,1,-1,-1.0,2,
-15.354969465679119,13.881227233697368,9,1,1,-1.0,1,
-18.297920021470905,14.034168824003931,9,1,1,1.0,0,
-18.4295163804028,11.876407107481104,9,1,1,-1.0,1,
-16.19865284991251,11.615047492838436,9,1,1,1.0,0,
-12.960690289021528,8.282031407119483,9,1,1,-1.0,1,
-14.511932509407968,12.323863302743225,9,1,1,1.0,0,
-16.935093881911243,12.657665382574024,9,1,1,-1.0,1,
-10.301244466091344,10.452403458976187,9,1,1,1.0,0,
-14.937833881638884,5.33642483078972,9,1,1,1.0,0,
-14.048474073166219,5.211256619510153,9,1,1,-1.0,1,
-13.941889868284406,9.539756290524078,9,1,1,-1.0,1,
-8.97138157825998,12.688571403970585,9,1,1,-1.0,1,34_MAD
-4.061181416875501,8.399257645910202,9,1,1,1.0,0,34_MAD
-7.940784647131834,-8.732791049124506,9,1,1,1.0,0,
-4.3077309522189955,-17.06597505169269,9,-1,1,-1.0,2,25_MAD
-23.422100415866698,8.731556573842107,9,1,1,-1.0,1,
-17.3489188561723,10.648123279789512,9,1,1,-1.0,1,
-15.142656507277286,6.6868602450218315,9,1,1,-1.0,1,
-16.03892125136733,13.869959232603932,9,1,1,-1.0,1,
-3.2273034680751467,-11.346001742238887,9,1,1,-1.0,1,
-6.918906130441465,-13.629199916845067,9,1,-1,-1.0,2,
-7.234808386283449,-6.07059376963315,9,1,1,-1.0,1,
-7.889898164946374,-13.308665538384963,9,1,1,-1.0,1,
0.810118478368459,-0.9831379679305075,9,1,1,1.0,0,
2.2948887224825962,7.588408363444155,9,1,1,-1.0,1,25_MAD 34_MAD
-0.09831118924315142,-8.264485712630652,9,1,1,-1.0,1,
-19.39336114134366,9.699609188899574,9,1,1,1.0,0,
-13.670277443084878,11.026440933611216,9,1,1,-1.0,1,
-14.629186292523372,11.355883744709422,9,1,1,-1.0,1,
-10.659160989942828,10.801318915102868,9,1,1,-1.0,1,
-13.239901670866237,10.225292580540756,9,1,1,-1.0,1,34_MAD
-20.694901177825905,11.771691014078101,9,1,1,1.0,0,9_MAD
-21.1035604463242,10.88384217657216,9,1,1,-1.0,1,9_MAD
-11.94969518502922,7.03739101068502,9,1,1,1.0,0,34_MAD
-11.805020168648102,8.90475740146976,9,1,1,-1.0,1,
-6.5969599963564605,10.800518201237837,9,1,1,1.0,0,34_MAD
-11.077244632101094,13.289055125252595,9,1,1,1.0,0,
-12.838804202313773,9.456281490054712,9,1,1,-1.0,1,
-14.734765433255296,12.654189234996176,9,1,1,1.0,0,34_MAD
-7.95100698173507,9.951124767020502,9,1,1,1.0,0,25_MAD 34_MAD
-8.672607244480522,14.061206611212587,9,1,1,-1.0,1,34_MAD
-13.674446919075681,9.329873998450196,9,1,1,1.0,0,25_MAD 34_MAD
-6.09110076165493,-4.81858852763235,9,1,1,1.0,0,
-19.445883022290968,12.57032401199523,9,1,1,1.0,0,
-8.376875238956087,6.198552208871193,9,1,1,-1.0,1,25_MAD 34_MAD
-13.998569091641714,13.979503087378548,9,1,1,1.0,0,
-19.13839460327946,10.210063662844718,9,1,1,-1.0,1,9_MAD
-10.220628146295162,14.702924816505108,9,1,1,-1.0,1,34_MAD
-9.192675633501793,11.31312064928232,9,1,1,-1.0,1,25_MAD 34_MAD
-20.81630496674995,12.347139696649172,9,1,1,-1.0,1,
-18.438688002721534,16.36480015935352,9,1,1,1.0,0,
-13.78665873365064,11.44861921193318,9,1,1,-1.0,1,
2.3677812942130014,2.542755694993579,9,-1,1,-1.0,2,22_MAD 34_MAD
7.594370256434891,1.6370378225909659,9,1,1,-1.0,1,34_MAD
1.7399282082304457,7.267279570553968,9,1,1,-1.0,1,
10.317474457895411,3.0590016334529695,9,-1,1,-1.0,2,34_MAD
0.9894565778215321,-4.460120425400404,9,1,1,1.0,0,34_MAD
8.475725390886174,1.287899833378136,9,1,1,-1.0,1,34_MAD
5.3036343171796485,-0.301798887229966,9,1,1,1.0,0,34_MAD
5.2188013635979305,-3.0909101609128005,9,1,1,1.0,0,34_MAD
1.0422051565996113,2.556642653206085,9,1,1,-1.0,1,34_MAD
9.839780812966675,-2.7725455149009077,9,-1,1,1.0,1,34_MAD
9.205650738817381,-0.3494076273055652,9,-1,1,-1.0,2,22_MAD 34_MAD
1.6163115086164184,3.61334811049157,9,-1,1,-1.0,2,22_MAD 34_MAD
8.342526172759815,-11.08742440162801,9,-1,1,-1.0,2,34_MAD
-19.501841982379304,13.921471951446172,9,1,1,-1.0,1,
-8.890812235710381,14.895738050548918,9,1,1,1.0,0,
-11.33595969959784,13.611444707337494,9,1,1,-1.0,1,
-16.513935184629695,15.515794922331498,9,1,1,1.0,0,
-11.048380041373633,9.119141387770705,9,1,-1,1.0,1,
-17.702798520103162,14.583551059288148,9,1,1,-1.0,1,
-16.603949454490035,16.671454330293773,9,1,1,1.0,0,
-12.514983951901234,11.082962682053028,9,1,1,-1.0,1,
-12.60689839600109,8.238091687529062,9,1,1,1.0,0,
-16.926072954020157,12.731667490686938,9,1,1,1.0,0,
-14.79653921491212,13.823050776850634,9,1,1,-1.0,1,
-11.468716817230556,16.041783682214042,9,1,1,-1.0,1,
-20.861116003964252,12.020265272525563,9,1,1,1.0,0,
-19.545703095684843,10.886695723792304,9,1,1,-1.0,1,
-20.105947425618645,13.928130371070662,9,1,1,1.0,0,9_MAD
-21.802703326898094,8.929591645751112,9,1,1,-1.0,1,
-24.94729619370851,13.182689931069664,9,1,1,-1.0,1,
-17.734549053234137,14.970395988686807,9,1,1,-1.0,1,
-21.22012219985471,14.260818665998203,9,1,1,1.0,0,
-18.313228227283314,10.680458910026957,9,1,1,1.0,0,
-21.044796090937613,10.018586312133044,9,1,1,-1.0,1,
-13.749682657397697,14.18132244360234,9,1,1,1.0,0,
-22.686827596262813,14.439855129460414,9,1,1,1.0,0,9_MAD
-17.648546283316715,16.203947863953413,9,1,1,-1.0,1,
-10.834751631640101,7.099128674120653,9,-1,-1,-1.0,3,25_MAD 34_MAD
-21.18499989866036,10.509434196518889,9,1,1,1.0,0,9_MAD
-12.879030838549761,-0.9560691142018249,9,1,-1,-1.0,2,
-10.903060684901089,7.629519633278093,9,1,1,-1.0,1,34_MAD
-12.299078102642905,7.38061646728394,9,1,1,-1.0,1,25_MAD
-7.922652611859129,-0.14246744123942062,9,1,1,-1.0,1,
-13.058302356407061,6.92120760602192,9,1,1,-1.0,1,
-8.55644503349431,4.910531449404956,9,1,-1,-1.0,2,
-9.666001982007133,10.366224066253164,9,1,1,-1.0,1,25_MAD 34_MAD
-11.296237416922395,-4.463760798390471,9,1,-1,-1.0,2,
-7.745797302554569,4.829806966958949,9,1,1,-1.0,1,34_MAD
-19.52280548585872,9.33689101266975,9,1,1,1.0,0,
-17.12621373203221,0.7098537795322986,9,1,1,-1.0,1,34_MAD
-2.2890852839704734,2.417984335405327,9,1,-1,-1.0,2,34_MAD
-17.401395554468575,-1.2157192783496307,9,1,-1,-1.0,2,
-14.579211552532016,16.41529316094802,9,1,1,-1.0,1,
-17.067336893109005,10.177145763563878,9,-1,1,-1.0,2,
-6.536493804390639,12.620572837793285,9,1,1,-1.0,1,34_MAD
-18.0128130108868,13.724346711241333,9,1,1,1.0,0,9_MAD
-16.433539902153253,12.220060370213753,9,1,1,-1.0,1,
-17.983540924547402,11.478022657856087,9,1,1,1.0,0,9_MAD
-17.219487289592433,11.303358278645977,9,1,1,-1.0,1,
-14.43458060776615,8.558898937116373,9,1,1,1.0,0,
-19.443675142031747,11.24568560020534,9,1,1,-1.0,1,9_MAD
-22.318220569303485,10.985205220937026,9,1,1,-1.0,1,
-18.632056986993923,7.688309365206177,9,1,1,1.0,0,
-23.35309817460719,13.525170490810227,9,1,1,-1.0,1,
-12.108212829718191,8.859180555596046,9,1,1,-1.0,1,
-20.58836352948305,13.896083314660766,9,-1,-1,-1.0,3,9_MAD
-21.33345459666549,11.624884599908839,9,1,1,-1.0,1,
-20.158719107178634,13.425151128712853,9,1,1,-1.0,1,9_MAD
-19.347270011430265,13.021543928239899,9,1,1,-1.0,1,
-14.121399061470234,11.246913986350268,9,1,1,1.0,0,
-11.741342324752031,11.056178120917732,9,1,1,-1.0,1,25_MAD 34_MAD
-14.779913908984259,10.936885498702663,9,1,1,-1.0,1,
-19.400445064260285,13.316182809140146,9,1,1,-1.0,1,
-19.654681364531545,13.870228382332112,9,1,1,-1.0,1,
-18.101834357993994,10.849682257519136,9,1,1,-1.0,1,
-18.877436323533114,7.513937196899804,9,1,1,-1.0,1,
-10.094246318412363,10.80510608920952,9,-1,-1,-1.0,3,
-21.45409216366631,10.385217850021222,9,1,1,-1.0,1,9_MAD
-22.955508640123963,10.750363961255601,9,1,1,1.0,0,
-22.16731679974071,10.811344473426887,9,1,1,-1.0,1,
-24.544198358458633,13.509773175277587,9,1,1,-1.0,1,9_MAD
-20.602816807133955,11.816110014542666,9,1,1,-1.0,1,
-22.3790111711954,13.235844862509246,9,1,1,1.0,0,
-21.727970280527725,13.248455903343979,9,1,1,-1.0,1,
-24.92831347349013,11.08216067353618,9,1,1,1.0,0,9_MAD
-19.081845745142257,13.21539287560241,9,1,1,-1.0,1,
-24.31125553457024,10.633800118460131,9,1,1,-1.0,1,9_MAD
-22.855109255089975,13.274999625344002,9,1,1,-1.0,1,9_MAD
-16.71795660701351,4.562076484919321,9,1,-1,-1.0,2,
-20.104075953354506,9.392459427202693,9,1,1,-1.0,1,
0.5191422159165668,3.323960148540907,9,1,1,-1.0,1,
-8.687126629374093,-5.3364762357097435,9,-1,1,-1.0,2,
-5.764374692318749,-1.132004302490135,9,-1,1,-1.0,2,
-4.110607976884846,0.8014982587370686,9,-1,1,-1.0,2,22_MAD
0.8968045542516497,-11.685147867733562,9,-1,1,1.0,1,
-7.2485443432625996,-18.936314197575445,9,-1,-1,1.0,2,25_MAD 9_MAD
-0.937980911087495,-2.165395620934606,9,1,1,-1.0,1,
-18.147926524893812,12.076998248054817,9,1,1,1.0,0,
0.39811731276437656,-13.463717811418137,9,1,1,1.0,0,
-18.945980601514606,12.721259616912333,9,1,1,-1.0,1,
-12.417196668889668,0.7946852570588195,9,1,-1,1.0,1,
-1.7822347079415037,-15.464902715630943,9,-1,-1,1.0,2,25_MAD 9_MAD
0.5117505973465547,-15.777882956503902,9,1,1,1.0,0,
-22.155166890520274,12.470576028698977,9,1,1,1.0,0,9_MAD
-19.496369310038222,12.57026852945548,9,1,1,1.0,0,
-16.795582428746137,12.317529808294386,9,1,1,1.0,0,
-16.5288473590916,11.985915453464768,9,1,1,1.0,0,
-21.674658686179722,7.923483437876244,9,1,1,1.0,0,9_MAD
-23.12408860552493,12.816621151398952,9,1,1,1.0,0,
-18.07252113490625,15.331563081767332,9,1,1,-1.0,1,9_MAD
-20.005510771822806,10.245274880269255,9,1,1,1.0,0,
-19.148651118239417,12.687315103600874,9,1,1,1.0,0,
-19.2325868845328,5.131406891425384,9,1,1,-1.0,1,
-16.65489442313614,7.941858761879329,9,1,1,1.0,0,
-14.60662795458772,13.344124759064306,9,1,1,1.0,0,
-4.872101333016084,12.423956641981375,9,1,1,-1.0,1,
